months_as_customer,age,policy_deductable,umbrella_limit,insured_sex,insured_education_level,insured_occupation,insured_hobbies,insured_relationship,incident_type,collision_type,incident_severity,authorities_contacted,number_of_vehicles_involved,property_damage,bodily_injuries,witnesses,police_report_available,total_claim_amount,injury_claim,property_claim,vehicle_claim,auto_make,auto_year,incident_hour_bin,claim_ratio,fraud_reported
328,48,1000,0,1,4,2,17,0,2,2,0,3,1,1,1,2,1,71610,6510,13020,52080,10,2004,3,0.9999860356649118,1
228,42,2000,5000000,1,4,6,15,2,3,1,1,3,1,0,0,0,0,5070,780,780,3510,8,2007,2,0.9998028002366397,1
134,29,2000,5000000,0,6,11,2,3,0,1,1,3,3,0,2,3,0,34650,7700,3850,23100,4,2007,2,0.9999711408040172,0
256,41,2000,6000000,0,6,1,2,4,2,0,0,3,1,0,1,2,0,63400,6340,6340,50720,3,2014,3,0.9999842273781171,1
228,44,1000,6000000,1,0,11,2,4,3,1,1,4,1,0,0,1,0,6500,1300,650,4550,0,2009,1,0.9998461775111521,0
256,39,1000,0,0,6,12,3,4,0,1,0,1,3,0,0,2,0,64100,6410,6410,51280,10,2003,1,0.9999843996193507,1
137,34,1000,0,1,6,9,2,0,0,0,1,3,3,0,0,0,0,78650,21450,7150,50050,9,2012,3,0.9999872856034888,0
165,37,1000,0,1,0,12,0,4,0,0,2,3,3,0,2,2,1,51590,9380,9380,32830,1,2015,1,0.9999806167742435,0
27,33,500,0,0,6,7,9,3,2,0,2,3,1,0,1,1,1,27700,2770,2770,22160,12,2012,1,0.9999639002202086,0
212,42,500,0,1,6,8,4,5,2,1,2,2,1,0,2,1,0,42300,4700,4700,32900,10,1996,0,0.9999763598969291,0
235,42,500,4000000,0,5,3,7,2,2,0,2,3,1,1,2,2,0,87010,7910,15820,63280,5,2002,1,0.999988507200239,0
447,61,2000,0,0,2,3,16,2,0,0,0,1,3,1,1,2,1,114920,17680,17680,79560,1,2006,1,0.9999912983701847,0
60,23,500,3000000,1,4,10,15,5,2,1,2,0,1,1,1,0,0,56520,4710,9420,42390,10,2000,2,0.9999823074609437,0
121,34,1000,0,0,4,1,3,5,1,1,1,4,1,0,1,1,0,7280,1120,1120,5040,12,2010,3,0.99986265622854,0
180,38,2000,0,0,1,6,2,1,2,1,2,3,1,0,0,2,1,46200,4200,8400,33600,4,2003,2,0.9999783554468518,1
473,58,2000,0,0,4,13,12,2,0,2,0,2,4,1,0,0,0,63120,10520,10520,42080,0,1999,2,0.9999841574119548,1
70,26,1000,5000000,1,1,6,10,3,0,1,0,2,3,0,1,2,1,52110,5790,5790,40530,9,2012,3,0.9999808101936252,0
140,31,500,6000000,1,2,6,15,4,2,2,2,3,1,0,0,2,1,77880,14160,7080,56640,11,2015,2,0.9999871598977927,0
160,37,500,0,0,4,2,19,2,2,2,2,2,1,1,1,0,0,72930,6630,13260,53040,0,2015,1,0.9999862884095926,0
196,39,2000,0,0,2,5,4,3,0,2,0,3,3,0,2,0,0,60400,6040,6040,48320,9,2014,2,0.9999834439827155,0
460,62,1000,4000000,1,3,7,3,3,0,1,1,3,3,0,1,0,0,47160,0,5240,41920,11,2011,1,0.9999787960391001,0
217,41,2000,0,0,0,6,16,3,0,2,2,3,3,0,1,2,0,37840,0,4730,33110,0,1996,0,0.9999735736370603,0
370,55,2000,0,1,2,9,13,2,0,1,0,0,3,0,0,0,1,71520,17880,5960,47680,11,2000,1,0.9999860180925881,1
413,55,2000,0,1,4,8,5,3,2,0,2,0,1,0,2,2,0,98160,8180,16360,73620,4,2011,0,0.9999898126547203,1
237,40,1000,0,1,1,2,11,0,2,1,1,2,1,0,1,3,0,77880,7080,14160,56640,5,2005,3,0.9999871598977927,0
8,35,2000,0,1,5,11,14,3,0,1,0,2,3,0,1,3,1,71500,16500,11000,44000,5,2006,0,0.9999860141816198,1
257,43,2000,0,1,2,9,9,3,1,1,1,3,1,1,1,3,1,9020,1640,820,6560,12,2005,3,0.9998891475446181,0
202,34,500,3000000,1,3,3,5,1,3,1,1,4,1,1,2,1,0,5720,1040,520,4160,11,2003,3,0.9998252053836741,1
224,40,2000,0,0,3,11,11,1,2,2,1,2,1,0,1,0,1,69840,7760,15520,46560,4,2009,1,0.9999856817628614,0
241,45,2000,0,0,6,6,1,4,2,1,1,3,1,0,2,2,0,91650,14100,14100,63450,0,2011,3,0.9999890890443094,0
64,25,1000,0,1,5,9,18,0,0,2,0,0,4,0,0,0,0,75600,12600,12600,50400,12,2005,1,0.9999867726617373,0
166,37,2000,8000000,1,3,2,15,0,0,2,0,3,3,0,2,2,0,67140,7460,7460,52220,5,2006,2,0.9999851059710162,1
155,35,1000,0,0,0,0,19,2,0,0,2,3,3,1,2,3,0,29790,3310,3310,23170,2,2008,0,0.9999664328152797,0
114,30,1000,0,1,2,4,18,5,0,0,0,0,3,0,1,2,0,77110,14020,14020,49070,11,2015,3,0.9999870316816019,0
149,37,500,0,1,6,9,19,3,2,2,2,1,1,1,0,1,1,64800,10800,5400,48600,1,1999,0,0.9999845681393805,0
147,33,1000,6000000,1,2,2,15,1,2,0,0,2,1,1,2,0,1,53100,10620,5310,37170,8,1995,0,0.9999811679629386,1
62,28,1000,0,0,5,10,4,4,2,1,2,3,1,0,1,1,1,60200,6020,6020,48160,11,2004,3,0.9999833889802495,1
289,49,2000,0,0,3,8,9,4,1,1,1,4,1,0,1,1,1,5330,1230,820,3280,11,2001,0,0.9998124179328456,0
431,54,2000,0,0,4,2,3,4,0,1,0,3,3,0,2,0,0,62300,12460,6230,43610,7,2007,3,0.9999839488932762,0
199,37,500,0,1,3,12,18,5,2,0,0,0,1,0,0,3,0,60170,10940,10940,38290,9,2011,3,0.999983380698343,1
79,26,500,0,1,0,12,11,1,2,1,1,0,1,0,2,2,0,40000,8000,4000,28000,2,2010,1,0.9999750006249843,0
116,34,500,0,1,0,13,5,4,2,2,0,3,1,0,1,1,0,97080,16180,16180,64720,2,2001,3,0.9999896993232456,1
37,23,500,0,0,1,9,10,0,0,2,1,2,3,1,1,0,0,51660,5740,5740,40180,4,2010,0,0.9999806430382687,0
106,30,500,0,0,6,13,15,3,2,1,2,2,1,0,2,2,0,51120,5680,5680,39760,8,2005,1,0.9999804385673207,0
269,44,2000,0,1,3,8,15,4,2,0,1,2,1,1,0,2,0,56400,11280,11280,33840,12,2014,0,0.999982269817911,0
265,40,1000,0,0,4,10,19,0,0,1,2,2,3,0,2,3,0,55120,6890,0,48230,0,2002,0,0.9999818580940114,0
163,33,500,0,0,0,7,14,0,0,1,2,1,3,1,1,1,0,77110,0,14020,63090,6,2014,2,0.9999870316816019,0
355,47,2000,4000000,1,1,7,11,0,0,0,0,1,3,0,2,1,0,62800,6280,6280,50240,1,2003,1,0.999984076686677,1
175,34,1000,8000000,0,6,10,7,2,3,1,3,3,1,0,2,0,1,7290,810,810,5670,13,1995,3,0.9998628446029352,0
192,35,1000,0,0,5,3,12,5,2,1,2,2,1,0,0,0,0,76600,15320,7660,53620,8,2000,1,0.9999869453401392,0
430,59,2000,7000000,1,4,7,3,3,0,0,1,1,3,0,0,3,1,81800,16360,8180,57260,9,1998,1,0.999987775210572,0
91,27,2000,0,0,3,4,14,0,3,1,3,4,1,0,1,2,0,7260,1320,660,5280,2,2008,3,0.9998622779231511,0
217,39,1000,0,1,1,1,1,1,3,1,1,4,1,0,2,1,1,4300,430,430,3440,12,2000,2,0.9997674959311788,0
223,40,500,0,0,3,8,12,0,0,2,0,3,3,1,1,0,0,70510,12820,12820,44870,11,1999,2,0.99998581781566,0
195,39,1000,0,1,6,6,12,1,1,1,1,3,1,0,0,1,1,2640,480,480,1680,5,2009,3,0.9996213555471413,0
22,26,1000,0,1,6,2,16,1,2,1,1,1,1,1,1,2,0,78900,15780,7890,55230,3,1995,3,0.9999873258894058,0
439,56,500,0,0,6,9,5,4,0,0,0,1,3,0,2,3,0,56430,0,6270,50160,6,2014,2,0.9999822792436781,0
94,32,1000,0,0,5,0,10,3,1,1,1,4,1,0,1,3,0,2400,300,300,1800,3,2014,1,0.9995835068721366,0
11,39,2000,0,1,6,7,19,0,2,0,2,0,1,1,0,1,0,65790,7310,7310,51170,10,2007,1,0.9999848003526318,0
151,36,2000,0,0,4,0,11,3,0,2,1,3,3,0,1,1,0,62920,11440,5720,45760,5,2000,2,0.9999841070548784,0
154,34,500,0,1,6,6,0,2,0,1,0,3,3,1,2,1,0,69480,15440,0,54040,9,2014,0,0.9999856075761719,1
245,44,1000,0,1,3,5,1,0,0,2,2,2,3,0,0,3,0,44280,7380,3690,33210,6,1997,1,0.9999774169508368,0
119,32,1000,0,1,2,1,3,4,2,2,1,2,1,0,0,3,1,56300,5630,11260,39410,2,2011,2,0.9999822383261399,0
215,42,500,0,1,3,13,18,3,0,0,0,1,3,1,2,2,1,68520,11420,5710,51390,11,2003,1,0.9999854059339472,1
295,42,2000,5000000,1,6,11,5,1,0,1,2,1,3,0,0,0,0,59130,6570,6570,45990,5,2006,0,0.9999830883969492,1
254,39,500,0,0,4,3,5,2,0,0,1,0,3,1,2,2,0,82320,13720,6860,61740,4,1995,3,0.9999878524313359,1
107,31,500,7000000,0,2,12,13,1,2,2,1,1,1,1,0,1,0,89700,13800,13800,62100,1,2009,2,0.9999888518522647,1
478,64,500,0,0,0,0,15,4,0,2,1,1,3,0,1,1,0,33930,0,3770,30160,2,1998,0,0.9999705284253337,0
128,30,1000,0,1,4,6,12,3,2,0,0,0,1,0,0,3,0,68530,12460,6230,49840,1,1997,2,0.9999854080635041,0
338,49,1000,0,1,4,7,11,3,1,1,1,4,1,0,0,1,0,4300,860,860,2580,5,2004,0,0.9997674959311788,0
271,42,500,0,0,0,9,17,3,0,2,0,2,2,0,2,3,0,68310,12420,6210,49680,1,2003,2,0.9999853610692275,1
222,41,2000,0,0,4,1,6,1,2,0,2,2,1,0,0,2,0,61290,6810,6810,47670,6,1995,2,0.9999836843908567,1
199,41,1000,0,0,0,11,13,0,2,1,1,0,1,0,1,2,0,30100,3010,0,27090,3,1999,2,0.9999667785123418,0
215,37,500,0,0,1,13,9,1,0,1,1,1,3,0,2,0,1,57120,9520,4760,42840,8,2002,2,0.9999824933036887,0
192,40,1000,0,0,0,11,19,5,0,2,1,0,3,1,1,0,1,42930,9540,4770,28620,2,2005,0,0.9999767068085998,0
120,35,1000,0,0,2,13,3,2,0,0,2,0,3,0,2,0,0,51210,11380,5690,34140,5,2010,1,0.9999804729452657,0
270,45,1000,0,0,1,5,9,0,0,0,1,1,3,0,1,1,1,89400,14900,7450,67050,11,1998,0,0.9999888144427914,0
319,47,500,0,1,1,13,7,1,0,0,2,3,3,0,0,2,0,59730,10860,10860,38010,1,2005,1,0.9999832582745978,0
194,39,1000,6000000,0,3,7,11,5,3,1,1,4,1,1,2,2,1,8060,1240,1240,5580,10,2004,0,0.9998759459124178,0
227,38,500,0,0,6,5,14,4,2,1,0,1,1,0,1,2,0,72200,14440,7220,50540,2,2013,0,0.9999861497763188,1
137,31,2000,0,1,2,3,13,0,0,2,1,0,3,0,1,2,0,50800,10160,10160,30480,0,2005,3,0.999980315348123,0
244,40,2000,5000000,0,5,3,18,5,3,1,3,4,1,0,2,1,0,6600,660,1320,4620,0,2005,2,0.9998485078018482,0
78,29,1000,6000000,1,5,7,3,2,3,1,1,3,1,1,2,2,0,7500,750,1500,5250,9,2002,3,0.9998666844420744,0
200,35,2000,0,1,2,3,18,5,3,1,3,4,1,0,0,3,1,6490,1180,1180,4130,13,2002,0,0.9998459405330458,0
284,48,2000,0,1,5,9,12,1,0,2,0,0,2,0,2,3,0,60940,5540,11080,44320,1,2013,0,0.9999835906860735,1
275,41,2000,0,1,2,13,2,3,0,0,0,1,3,1,0,1,0,58300,5830,11660,40810,11,2007,0,0.9999828476355466,0
153,34,1000,4000000,0,0,8,19,0,0,0,1,2,3,0,2,1,0,68400,11400,11400,45600,5,2007,2,0.999985380330697,0
134,32,500,0,0,4,7,19,3,2,2,2,1,1,0,2,1,1,64240,11680,11680,40880,2,2015,3,0.9999844336171604,0
31,36,2000,9000000,0,1,9,11,1,1,1,3,4,1,0,0,1,1,4700,940,470,3290,4,2002,2,0.9997872793022761,0
41,25,1000,0,0,1,3,8,1,0,2,0,2,3,1,2,0,0,45120,0,5640,39480,0,2011,2,0.9999778373706256,1
127,29,2000,5000000,0,2,11,2,3,0,0,2,1,2,1,1,1,0,66950,10300,10300,46350,10,1995,2,0.9999850637033054,0
61,23,2000,4000000,0,0,12,8,3,2,2,0,3,1,0,0,3,0,98340,8940,17880,71520,6,2004,0,0.9999898313012884,1
207,42,2000,0,1,6,4,19,3,1,1,3,4,1,0,0,1,0,5900,590,590,4720,2,2007,2,0.9998305371970853,0
219,43,1000,0,0,4,3,8,1,0,0,0,0,3,0,1,1,0,70680,5890,11780,53010,5,2009,3,0.9999858519262602,0
271,42,500,0,0,2,6,10,1,0,1,2,0,3,0,1,0,0,93720,17040,8520,68160,8,2005,1,0.9999893300327568,0
80,25,2000,5000000,0,6,1,8,0,3,1,1,4,1,0,2,0,1,6930,1260,630,5040,12,2001,3,0.9998557206752272,0
325,47,1000,0,0,0,10,10,1,2,2,0,1,1,1,0,3,0,72930,6630,6630,59670,4,2006,2,0.9999862884095926,1
29,25,2000,0,1,5,4,16,3,0,1,1,2,4,1,1,2,1,64890,7210,7210,50470,9,2013,3,0.9999845895424635,1
295,48,1000,0,0,1,6,11,5,1,1,3,4,1,0,1,2,1,5400,900,900,3600,10,1999,3,0.9998148491020181,0
239,42,1000,0,1,1,3,15,1,3,1,3,4,1,0,0,0,0,5600,700,700,4200,1,2007,2,0.9998214604534904,0
269,41,500,0,0,1,10,19,1,2,1,1,3,1,1,0,0,0,79300,15860,15860,47580,10,2007,1,0.9999873898185395,0
80,27,1000,0,0,1,12,8,4,2,2,0,3,1,1,1,0,1,52800,10560,5280,36960,10,2004,0,0.9999810609647545,0
279,41,500,0,0,3,9,3,0,0,0,1,1,3,0,2,3,0,28800,0,3600,25200,5,2013,0,0.9999652789833686,0
165,33,1000,0,0,0,12,11,2,1,1,1,3,1,0,1,1,0,2970,330,330,2310,12,2008,3,0.9996634129922585,0
350,54,500,0,1,1,7,1,5,0,2,2,3,3,0,0,0,0,93480,15580,7790,70110,3,2014,0,0.999989302639039,0
295,49,500,0,1,1,9,11,0,3,1,1,4,1,1,1,3,1,4320,480,480,3360,8,2002,3,0.9997685720897941,0
464,61,1000,0,0,0,9,1,0,0,1,0,3,3,0,0,2,1,79800,6650,19950,53200,10,2000,3,0.9999874688287114,1
118,28,2000,0,0,2,5,4,3,0,0,0,0,2,0,1,0,0,74200,7420,14840,51940,13,1997,1,0.9999865230926807,0
298,47,2000,0,0,6,6,1,2,2,0,0,1,1,0,0,0,0,70590,10860,10860,48870,10,2000,3,0.9999858338881727,1
87,31,1000,0,0,5,11,5,0,0,1,0,1,3,0,0,3,1,60940,5540,11080,44320,9,2006,0,0.9999835906860735,1
261,42,500,0,0,1,9,18,4,2,1,1,3,1,0,1,2,1,74700,7470,14940,52290,4,2010,0,0.9999866132983494,0
453,60,500,6000000,1,6,2,7,4,2,0,0,1,1,1,0,0,0,70000,14000,7000,49000,5,2015,3,0.999985714489793,1
210,41,500,0,1,2,3,14,2,0,1,2,2,3,0,2,0,0,81070,14740,14740,51590,2,2001,2,0.9999876651330315,0
168,32,1000,0,1,4,10,4,3,0,2,0,2,2,0,1,1,0,57720,14430,9620,33670,10,2007,0,0.999982675282826,0
390,51,2000,0,1,0,1,15,2,3,1,1,4,1,1,1,1,1,7080,1180,1180,4720,5,2001,2,0.999858777008897,0
258,46,1000,10000000,1,4,6,10,2,0,2,2,2,3,0,0,1,0,47700,4770,9540,33390,0,1997,0,0.9999790360789081,1
107,31,2000,0,0,6,6,3,2,2,1,1,3,1,0,0,3,0,51260,9320,9320,32620,11,2002,0,0.9999804919919627,0
225,41,2000,0,1,2,3,8,4,0,2,0,3,3,0,2,2,0,70400,6400,12800,51200,12,2011,1,0.9999857956563117,1
164,38,2000,0,0,6,13,19,1,2,1,1,1,1,0,1,3,1,90000,18000,9000,63000,5,2015,3,0.9999888890123443,0
245,39,500,8000000,0,0,0,4,0,0,1,1,3,3,0,0,1,0,72820,13240,6620,52960,2,2010,2,0.9999862676975049,0
255,41,2000,4000000,1,2,8,2,2,2,2,1,1,1,0,2,0,0,69300,13860,13860,41580,13,2000,1,0.9999855701937923,0
206,36,500,4000000,0,4,7,18,2,2,0,0,0,1,0,2,1,0,76560,12760,12760,51040,5,2008,2,0.9999869385196118,1
203,38,500,0,0,5,7,16,1,2,0,0,0,1,0,0,1,1,55440,0,6160,49280,9,1999,2,0.9999819628073087,1
22,25,2000,0,0,1,9,12,2,0,0,2,2,4,1,1,0,0,77130,8570,17140,51420,0,1995,3,0.9999870350442753,0
211,35,500,0,0,3,9,13,1,2,1,2,0,1,1,1,1,0,42000,7000,7000,28000,2,2011,3,0.9999761910430705,0
206,39,1000,6000000,1,3,2,7,4,0,1,2,0,3,0,2,3,1,36300,3300,9900,23100,5,2013,2,0.9999724525495165,0
166,38,2000,0,1,4,10,18,4,2,2,2,2,1,0,0,0,0,40320,5760,5760,28800,11,2001,2,0.9999751990278019,0
165,32,500,0,0,2,12,8,3,1,1,1,3,1,0,2,0,0,3960,330,660,2970,2,1998,2,0.9997475385003787,0
274,43,2000,0,1,1,4,1,5,2,0,0,1,1,1,0,3,1,63840,10640,10640,42560,2,2006,1,0.9999843360849611,1
81,28,1000,6000000,0,5,11,17,0,0,0,0,1,3,0,1,2,0,44730,4970,4970,34790,10,2000,3,0.9999776441394111,1
280,45,1000,0,1,3,6,4,5,0,0,1,2,3,1,1,2,0,84720,14120,14120,56480,5,1999,3,0.9999881965510322,0
194,39,500,0,1,5,0,13,3,0,0,0,2,3,0,2,2,0,61500,6150,12300,43050,4,2012,3,0.9999837401017869,0
112,27,500,0,0,5,12,8,4,0,0,0,0,3,0,0,1,0,51000,8500,8500,34000,9,2013,1,0.9999803925413228,0
24,33,1000,0,0,2,6,16,5,2,2,2,3,1,0,2,1,0,46800,4680,9360,32760,7,2002,3,0.9999786329351937,0
93,32,2000,0,1,6,3,1,4,2,2,1,0,1,0,1,1,0,78120,17360,8680,52080,2,2006,0,0.9999871993446064,0
171,34,2000,0,0,1,3,19,2,2,1,0,3,1,0,1,2,0,69200,13840,6920,48440,13,1996,0,0.9999855493417725,1
200,40,1000,0,0,2,11,8,2,3,1,1,3,1,0,0,0,0,3690,410,410,2870,5,2015,2,0.999729070712544,0
120,28,1000,0,0,6,12,9,1,0,1,1,1,3,0,0,3,0,65500,6550,6550,52400,2,2010,2,0.9999847330575106,0
325,46,500,0,0,2,9,1,5,0,1,1,1,3,0,1,2,1,76120,13840,6920,55360,12,1999,1,0.999986863020717,0
124,32,1000,0,0,4,7,10,1,0,0,2,2,3,0,0,2,1,73560,12260,12260,49040,2,1995,1,0.9999864058400512,0
211,35,2000,0,1,5,6,4,2,2,1,2,3,1,1,0,1,0,52030,9460,4730,37840,8,2008,3,0.9999807806884358,0
287,41,2000,0,1,5,13,18,5,3,1,3,4,1,0,2,3,0,5170,470,940,3760,11,2001,2,0.9998066138077741,0
122,34,1000,0,1,6,6,18,3,1,1,1,4,1,0,2,1,1,8190,1890,1260,5040,3,2013,3,0.9998779147845196,0
22,29,2000,6000000,1,4,3,19,2,2,1,0,0,1,0,2,3,0,70800,7080,14160,49560,0,2012,0,0.9999858759057075,1
106,31,2000,0,0,3,4,18,5,0,1,2,3,3,0,0,3,1,45630,5070,5070,35490,0,2011,1,0.9999780850737437,0
398,58,500,0,0,0,3,6,5,2,0,0,3,1,1,2,1,0,99320,7640,15280,76400,0,2002,0,0.9999899316358072,1
214,41,500,4000000,1,5,12,14,1,0,2,0,1,3,0,2,0,0,64000,12800,6400,44800,2,1996,0,0.9999843752441369,1
209,38,500,0,0,4,7,9,2,2,0,1,1,1,0,1,1,0,47300,4730,4730,37840,9,2014,1,0.9999788587979113,0
82,27,1000,0,1,6,0,15,1,2,1,0,2,1,0,2,3,0,71680,8960,8960,53760,13,2007,0,0.9999860493017676,1
193,41,500,0,0,3,2,16,1,2,2,0,2,1,0,1,0,1,112320,17280,17280,77760,11,2011,3,0.9999910969453619,1
134,32,1000,0,0,6,4,0,5,2,2,2,2,1,0,1,0,0,82720,7520,15040,60160,1,2014,0,0.9999879111712866,0
288,45,1000,0,1,5,8,14,0,0,1,0,1,3,0,2,1,0,48060,10680,5340,32040,8,2009,3,0.9999791931087576,0
104,32,500,0,1,2,3,11,3,0,1,2,3,3,1,1,3,1,63570,9780,9780,44010,13,2006,1,0.9999842695568734,1
431,54,1000,0,0,5,2,13,3,0,1,2,1,3,0,2,3,0,63240,10540,10540,42160,11,1997,0,0.9999841874733164,0
101,33,1000,7000000,0,5,7,15,3,0,1,1,0,3,0,1,3,0,54240,9040,9040,36160,10,2013,1,0.9999815637617301,1
375,50,1000,0,1,0,11,3,2,2,0,0,3,1,1,2,3,0,37280,0,0,37280,1,1996,0,0.9999731766851747,1
461,61,2000,0,1,3,3,8,0,0,1,1,3,3,0,2,1,1,72100,7210,14420,50470,7,2006,2,0.9999861305668437,0
428,59,500,7000000,0,3,9,10,2,1,1,1,4,1,0,2,3,0,6500,1300,650,4550,10,2013,2,0.9998461775111521,0
45,38,1000,0,1,5,6,12,1,0,0,2,0,3,0,2,0,0,78240,13040,13040,52160,11,2013,0,0.9999872189772626,0
136,29,500,0,0,3,13,18,2,3,1,1,3,1,0,2,0,0,6200,1240,620,4340,6,1999,2,0.9998387356877922,0
216,36,1000,0,0,0,8,15,4,1,1,1,3,1,1,2,3,0,6160,560,1680,3920,8,2014,3,0.9998376886869015,0
278,48,2000,7000000,0,4,4,7,1,2,0,2,0,1,0,2,0,0,76050,11700,11700,52650,3,1997,2,0.9999868509289819,0
295,48,1000,0,0,4,3,14,4,0,2,2,0,2,0,2,1,1,86060,13240,13240,59580,13,2002,1,0.9999883803348788,0
112,30,1000,0,0,5,9,17,1,2,0,0,1,1,1,2,0,0,107900,10790,21580,75530,4,1997,3,0.9999907322452989,1
122,34,500,0,0,5,9,14,4,0,1,2,1,3,0,2,0,1,99990,18180,18180,63630,8,2011,0,0.999989999099919,0
108,29,1000,0,0,6,1,3,1,0,2,1,0,3,0,2,2,1,61380,11160,5580,44640,11,2012,3,0.9999837083136476,0
14,28,2000,0,0,0,2,2,4,2,1,0,1,1,0,2,1,1,71280,12960,12960,45360,1,2012,0,0.9999859710161193,1
298,45,1000,0,1,2,4,19,4,0,0,1,0,3,0,0,0,0,64000,12800,6400,44800,10,1999,0,0.9999843752441369,0
276,46,500,0,0,5,6,3,0,1,1,3,3,1,0,0,1,0,5940,660,660,4620,12,2015,2,0.9998316781686585,0
47,37,2000,0,1,2,7,12,1,1,1,1,4,1,0,1,0,0,6700,670,670,5360,7,2011,0,0.9998507685420086,0
222,42,500,0,1,0,1,10,1,0,1,1,3,3,1,0,0,0,51740,11940,7960,31840,7,2006,1,0.9999806729672793,0
119,28,2000,0,1,2,6,10,0,2,1,2,0,1,0,0,1,1,53600,6700,6700,40200,13,2007,3,0.9999813436316487,1
73,29,1000,0,1,1,10,2,5,0,1,2,2,3,1,1,0,0,44910,4990,4990,34930,4,2001,0,0.9999777337400637,0
8,31,500,4000000,0,4,13,11,5,0,0,0,1,3,0,0,2,1,48100,11100,7400,29600,13,2014,3,0.999979210411426,0
294,44,1000,0,0,6,4,11,4,3,1,3,4,1,0,0,1,0,6100,610,1220,4270,5,2002,3,0.9998360924438616,0
324,46,2000,6000000,1,4,12,2,5,2,1,1,2,1,0,1,0,1,79600,15920,15920,47760,7,2011,0,0.999987437343752,0
155,34,500,0,1,5,10,7,2,2,0,1,0,1,0,1,1,1,77040,8560,8560,59920,6,1998,3,0.9999870198984956,0
261,45,1000,0,0,6,9,11,2,2,1,1,1,1,1,0,1,0,62590,11380,11380,39830,13,2003,0,0.9999840232621303,0
245,40,500,0,0,5,1,16,2,2,0,2,2,1,1,0,1,0,85150,13100,13100,58950,3,1998,3,0.9999882561567098,0
235,39,500,4000000,1,4,12,8,5,3,1,3,4,1,0,2,1,0,4950,450,900,3600,3,2010,3,0.9997980206018986,0
53,36,2000,0,1,0,5,1,1,0,2,0,1,3,0,2,0,1,51100,10220,5110,35770,1,2006,0,0.9999804309113325,0
426,54,2000,0,0,5,0,15,1,2,2,1,3,1,1,2,3,0,100800,16800,16800,67200,4,1997,0,0.9999900794634974,0
111,27,500,4000000,0,5,12,8,0,2,2,2,3,1,1,2,3,0,90970,16540,16540,57890,0,2009,2,0.9999890074859021,0
86,26,500,7000000,1,3,12,6,2,2,1,1,3,1,0,1,1,1,81840,14880,7440,59520,3,2011,2,0.9999877811854694,1
296,46,1000,7000000,1,5,2,17,1,2,0,0,0,1,0,0,2,0,54900,5490,5490,43920,8,2013,0,0.9999817853955302,0
125,35,500,7000000,1,3,12,6,0,2,0,2,1,1,1,2,3,0,88660,8060,16120,64480,8,2007,0,0.9999887210836783,1
177,34,2000,0,0,3,12,3,4,0,0,2,0,3,0,1,1,0,18000,2250,2250,13500,1,2009,1,0.9999444475306928,0
238,39,2000,0,0,3,10,8,2,3,1,1,3,1,1,1,3,1,5500,1100,550,3850,3,2010,2,0.9998182148700236,0
81,25,500,5000000,0,2,12,10,3,0,1,0,2,3,0,1,0,0,73920,13440,6720,53760,6,2003,2,0.9999864720444799,1
128,28,1000,0,0,2,0,14,2,2,1,2,0,1,0,0,2,1,101860,18520,18520,64820,6,2007,2,0.9999901826999539,0
449,57,2000,0,1,0,12,12,3,1,1,1,4,1,1,0,1,1,5390,980,980,3430,13,2008,2,0.9998145056575775,0
252,39,1000,0,1,3,4,10,4,2,2,1,3,1,0,1,2,0,50490,5610,5610,39270,9,2001,0,0.9999801944901071,0
359,47,2000,0,0,4,5,1,4,2,0,2,3,1,0,0,3,0,55500,5550,11100,38850,8,2012,0,0.9999819823066252,0
19,32,1000,0,1,2,7,10,0,3,1,1,3,1,1,1,1,1,7040,1280,640,5120,9,2015,2,0.9998579747195001,0
73,26,2000,4000000,1,4,4,1,1,0,1,2,2,3,0,0,1,1,40160,5020,0,35140,3,2003,2,0.9999751002216081,0
285,44,1000,0,1,2,5,3,0,0,2,2,1,2,1,2,3,0,55680,6960,6960,41760,10,2006,0,0.9999820405524326,0
196,36,2000,0,1,4,1,16,3,3,1,3,3,1,0,1,1,0,5300,530,530,4240,7,2001,3,0.9998113563478589,1
223,43,500,0,0,4,0,4,1,1,1,3,4,1,1,0,3,0,5200,650,650,3900,0,2006,3,0.9998077292828302,0
328,48,500,0,1,5,1,3,3,2,0,0,0,1,1,2,1,0,59400,5940,11880,41580,6,2014,0,0.999983165266578,0
285,43,2000,0,0,1,11,13,2,3,1,1,3,1,0,1,1,0,2520,280,280,1960,2,1997,2,0.9996033320111067,0
30,31,2000,0,1,6,2,9,1,3,1,3,3,1,0,2,1,1,5760,960,960,3840,11,2011,2,0.9998264190244749,0
342,49,500,0,1,6,13,0,1,2,1,1,1,1,0,2,0,1,76700,7670,7670,61360,11,2006,3,0.9999869623603342,0
219,39,2000,7000000,0,2,10,2,4,1,1,3,3,1,0,0,2,0,5920,740,740,4440,3,2015,3,0.9998311096098632,0
468,62,500,0,1,6,6,13,5,0,1,0,1,3,1,0,3,0,64350,7150,7150,50050,3,2009,2,0.9999844602259483,0
241,39,2000,0,1,3,11,11,0,0,1,2,0,3,0,1,2,0,19080,4240,2120,12720,10,1995,1,0.9999475918452911,0
223,43,500,0,0,5,12,8,1,2,1,1,3,1,0,2,1,0,54400,5440,5440,43520,2,2011,0,0.9999816179849635,0
128,32,2000,0,0,1,11,5,2,2,1,2,1,1,0,1,0,0,59800,5980,5980,47840,5,1999,3,0.9999832778716075,1
124,29,500,0,1,5,5,9,0,0,2,0,3,3,0,0,3,1,72000,7200,7200,57600,1,2005,0,0.9999861113040097,0
343,48,500,3000000,1,3,0,10,0,0,2,2,3,4,0,2,3,0,65070,7230,14460,43380,8,2003,0,0.9999846321710132,0
404,53,500,0,1,0,11,15,1,1,1,3,3,1,0,0,1,0,8800,1760,880,6160,11,2002,2,0.9998863765481195,0
63,24,2000,0,0,2,5,12,2,3,1,1,3,1,0,2,0,0,6120,1020,1020,4080,12,2015,2,0.9998366280019605,0
210,37,2000,0,1,2,8,16,1,3,1,3,4,1,0,1,2,0,7080,1180,590,5310,4,1999,2,0.999858777008897,0
335,50,1000,6000000,1,2,11,19,2,0,2,1,0,3,1,2,3,1,34320,8580,4290,21450,13,2009,2,0.9999708633198333,0
11,40,2000,0,0,4,9,15,5,0,2,0,2,3,0,1,0,0,53460,9720,9720,34020,4,2004,3,0.9999812947756308,1
142,33,2000,5000000,0,3,3,6,5,2,2,2,2,1,1,1,3,0,81360,6780,13560,61020,11,2009,2,0.9999877090989541,1
272,43,1000,0,1,6,2,3,2,0,2,1,0,3,0,1,2,1,81070,7370,14740,58960,1,2006,3,0.9999876651330315,1
69,26,2000,0,0,2,6,0,4,2,0,1,1,1,0,2,2,0,63120,5260,10520,47340,1,2008,0,0.9999841574119548,0
38,28,1000,0,1,5,13,19,1,3,1,3,4,1,0,2,1,0,7200,1440,720,5040,2,2004,0,0.9998611303985557,0
328,46,500,0,0,4,9,8,1,2,1,2,2,1,0,2,3,0,70290,12780,6390,51120,10,1998,3,0.9999857734276081,1
281,43,1000,6000000,1,1,8,4,2,0,2,1,1,3,0,1,0,0,60190,9260,9260,41670,2,1999,1,0.9999833862205313,0
246,44,2000,0,1,1,4,0,2,2,0,0,2,1,1,1,2,1,61380,11160,5580,44640,6,2009,0,0.9999837083136476,1
298,49,500,0,0,1,7,8,3,2,0,1,0,1,0,2,2,0,28100,2810,5620,19670,7,2012,0,0.9999644140777908,0
330,50,1000,0,0,2,11,19,0,2,2,2,1,1,1,0,0,0,49060,8920,8920,31220,3,1995,1,0.9999796172112269,0
362,50,500,4000000,1,0,11,2,5,0,2,2,1,3,0,1,1,0,57060,6340,6340,44380,8,1995,0,0.9999824748952875,0
241,38,2000,0,0,0,12,11,1,0,2,0,1,3,0,0,3,1,77880,12980,12980,51920,0,2008,1,0.9999871598977927,0
245,41,2000,0,1,5,3,1,4,2,0,2,0,1,1,0,1,1,73500,7350,14700,51450,7,1999,3,0.9999863947429287,0
371,52,1000,7000000,0,2,7,13,3,0,1,1,2,2,1,2,0,0,88920,6840,13680,68400,0,2010,3,0.9999887540625949,0
343,52,1000,0,0,0,9,3,1,2,0,0,2,1,0,0,2,0,47630,12990,4330,30310,12,2005,3,0.9999790052696773,1
377,53,500,0,0,4,2,11,4,0,0,2,1,3,1,1,3,0,59040,6560,6560,45920,10,2015,2,0.9999830626175031,0
154,37,1000,0,0,4,4,7,2,2,1,1,2,1,0,0,3,0,79530,14460,7230,57840,0,2000,3,0.9999874262866052,0
166,34,1000,0,0,2,6,0,5,2,2,2,2,1,0,0,2,1,53680,4880,4880,43920,6,2005,0,0.9999813714349584,0
298,46,1000,6000000,1,3,9,7,3,2,2,1,3,1,0,2,3,1,33550,3050,6100,24400,13,2005,0,0.9999701946290721,0
235,42,500,0,0,5,6,8,0,0,2,2,2,4,0,2,1,1,69100,6910,6910,55280,12,2006,2,0.9999855284294005,0
172,35,2000,0,1,4,5,13,3,0,1,0,3,3,0,2,0,0,79750,14500,14500,50750,9,1999,1,0.9999874609722762,0
27,28,2000,0,1,3,4,14,2,0,0,0,2,3,0,0,2,1,53600,5360,10720,37520,1,2015,2,0.9999813436316487,1
428,54,2000,0,1,5,13,11,4,0,2,1,1,3,0,1,0,0,76560,12760,6380,57420,9,2009,0,0.9999869385196118,0
99,32,1000,3000000,1,3,2,9,4,2,0,2,1,1,1,1,1,0,41130,4570,4570,31990,4,1999,0,0.999975687437699,0
107,26,2000,0,1,4,11,6,3,0,1,2,1,3,0,2,3,0,78650,14300,7150,57200,1,1996,3,0.9999872856034888,1
272,41,2000,0,0,0,4,15,3,2,2,0,2,1,0,1,1,0,71060,6460,12920,51680,10,2010,1,0.9999859275833439,0
151,37,1000,0,0,5,4,7,3,2,0,1,1,1,1,1,1,0,38830,3530,3530,31770,11,1999,3,0.9999742473796709,0
249,43,1000,0,0,4,1,6,3,2,0,0,1,1,0,0,0,1,53500,5350,5350,42800,10,2015,0,0.9999813087605839,0
177,38,2000,0,0,1,0,16,2,2,0,0,2,1,1,2,0,0,73700,7370,7370,58960,3,2001,1,0.9999864316630711,1
190,40,2000,0,0,3,3,4,2,1,1,3,4,1,0,2,1,1,6300,630,630,5040,9,2001,2,0.9998412950325345,0
174,36,2000,0,0,1,12,13,3,0,1,2,0,3,0,2,2,0,65400,10900,10900,43600,4,2012,1,0.9999847097139187,0
95,28,1000,0,1,0,1,2,2,3,1,3,4,1,1,1,2,0,3200,640,320,2240,8,2014,3,0.999687597625742,0
371,51,1000,0,0,0,12,9,2,2,1,0,1,1,1,0,3,1,75400,7540,15080,52780,4,2012,2,0.9999867375764248,1
2,28,1000,0,0,3,6,9,1,2,2,1,1,1,1,0,2,1,58140,6460,6460,45220,10,2008,1,0.9999828004334291,0
269,44,500,4000000,0,3,7,5,3,0,1,2,0,3,0,0,1,0,98670,15180,15180,68310,3,2010,0,0.9999898653099695,1
101,27,1000,0,1,5,6,9,2,1,1,1,4,1,0,0,3,0,5900,1180,590,4130,8,2009,2,0.9998305371970853,0
94,30,2000,0,0,2,1,13,2,2,1,0,1,1,0,1,3,1,64100,6410,6410,51280,3,2001,1,0.9999843996193507,0
117,28,500,0,0,0,13,19,4,0,1,2,1,2,1,0,1,0,55440,5040,10080,40320,11,2009,0,0.9999819628073087,1
111,27,500,5000000,1,4,11,19,2,0,2,0,3,3,0,1,2,0,80850,7350,14700,58800,5,2011,3,0.9999876315691828,1
242,40,500,0,0,2,13,3,0,3,1,3,3,1,1,1,1,0,7480,680,680,6120,10,1998,3,0.9998663280310119,0
440,61,500,0,1,6,13,12,5,2,2,0,1,1,0,2,3,0,53640,5960,5960,41720,9,2004,1,0.9999813575436699,1
20,23,1000,0,0,3,12,0,5,0,1,0,1,3,0,2,2,0,63250,5750,11500,46000,3,2002,1,0.9999841899732811,1
461,57,500,7000000,0,2,4,9,3,0,2,0,0,3,0,0,1,0,59040,9840,9840,39360,4,1995,2,0.9999830626175031,0
208,36,500,0,1,0,2,0,2,0,2,2,2,3,1,1,0,1,50500,10100,5050,35350,0,2004,0,0.9999801984119127,0
279,43,2000,0,1,0,6,6,2,2,2,0,3,1,1,0,1,0,57690,6410,12820,38460,8,2010,0,0.9999826662737689,1
244,40,500,0,0,4,11,0,0,3,1,3,3,1,1,1,3,1,5940,660,660,4620,12,2014,3,0.9998316781686585,0
134,30,2000,0,0,6,3,7,4,0,1,0,1,3,0,0,2,1,47790,5310,5310,37170,11,1995,1,0.9999790755581595,1
122,29,1000,0,0,5,8,16,2,1,1,3,4,1,0,0,1,0,3850,350,350,3150,4,2014,0,0.9997403271877434,0
156,31,2000,0,1,6,7,15,0,2,0,0,3,1,0,2,0,0,59000,5900,5900,47200,5,2013,3,0.9999830511347265,1
232,43,500,8000000,1,1,6,9,0,0,1,0,0,3,0,0,1,0,70600,7060,14120,49420,13,2013,0,0.9999858358946757,1
244,40,2000,7000000,1,5,1,0,2,0,2,1,3,3,0,1,1,0,61490,5590,11180,44720,4,2001,3,0.9999837374575141,0
84,30,2000,0,0,4,10,11,5,2,2,1,3,1,0,1,0,1,57640,5240,10480,41920,13,2010,2,0.9999826512378341,0
394,57,500,0,0,2,2,12,3,3,1,3,3,1,0,1,0,0,6890,1060,1060,4770,1,1999,2,0.9998548831809607,0
246,45,1000,0,1,3,6,10,5,0,2,0,1,3,0,2,2,0,53280,11840,5920,35520,12,2006,2,0.9999812315834913,1
35,29,2000,0,0,3,5,18,4,0,1,1,1,3,0,0,0,0,78300,15660,7830,54810,2,2009,1,0.9999872287710246,0
156,37,500,0,1,0,10,15,2,0,1,0,0,3,1,0,3,0,41490,4610,4610,32270,9,2001,0,0.9999758983876021,0
195,36,2000,0,0,0,6,4,5,0,0,2,1,3,1,2,3,1,68970,12540,6270,50160,3,2007,0,0.9999855011526584,0
369,55,2000,0,1,1,5,4,0,0,1,1,3,3,0,2,0,1,85300,17060,8530,59710,12,2003,3,0.9999882768080093,0
271,40,1000,0,0,0,7,4,5,1,1,1,4,1,0,0,0,0,3080,560,280,2240,1,2012,3,0.9996754300551769,0
332,47,2000,0,1,4,2,13,2,0,0,0,3,4,1,2,0,0,71760,11040,11040,49680,7,2010,1,0.9999860648541687,1
107,26,500,0,0,3,1,16,5,0,1,1,0,3,0,1,0,0,59700,11940,11940,35820,9,2002,0,0.9999832498618113,0
217,39,2000,0,0,5,7,16,2,0,0,1,1,3,0,0,2,0,64920,10820,10820,43280,5,1997,0,0.9999845966636374,0
243,43,500,0,0,0,6,2,3,0,0,0,0,3,0,0,1,0,37530,4170,4170,29190,7,2008,2,0.9999733553595694,0
296,42,2000,0,1,0,12,13,0,0,2,2,0,3,1,1,2,0,64080,7120,7120,49840,10,2012,2,0.999984394750394,0
264,41,500,0,1,6,9,6,4,2,1,1,2,1,0,1,0,0,60390,10980,5490,43920,2,2004,3,0.9999834412412446,1
108,33,2000,0,0,3,1,8,1,0,2,0,3,3,0,0,1,1,64350,5850,11700,46800,9,2011,3,0.9999844602259483,1
32,38,500,6000000,0,1,7,17,3,0,2,1,3,3,1,2,1,1,70900,14180,7090,49630,2,1997,0,0.999985895826575,0
259,39,1000,0,0,3,2,12,4,0,2,1,1,3,0,1,3,0,46560,7760,7760,31040,9,2012,2,0.9999785227980499,0
186,33,1000,0,0,0,2,6,5,3,1,3,3,1,0,2,1,0,4730,860,860,3010,3,2013,3,0.9997886281969985,1
201,40,2000,0,0,6,13,18,1,3,1,1,3,1,1,0,0,1,6820,1240,1240,4340,7,2003,0,0.9998533939305088,0
436,58,2000,5000000,1,6,12,17,2,2,1,0,3,1,0,0,2,0,59900,11980,5990,41930,2,1997,2,0.9999833057878833,1
189,36,2000,0,0,4,8,1,3,0,2,0,3,3,0,1,3,1,79560,13260,13260,53040,5,2009,0,0.9999874310277649,0
105,33,500,0,0,2,0,11,1,2,0,2,2,1,1,0,1,0,70290,12780,6390,51120,0,2008,2,0.9999857734276081,0
163,31,1000,6000000,1,3,8,10,1,0,1,2,0,3,1,2,0,0,63910,5810,11620,46480,11,1999,0,0.999984353241226,0
219,40,500,0,0,0,13,9,1,3,1,3,4,1,0,1,0,0,6400,640,640,5120,12,1997,3,0.9998437744102484,0
88,25,1000,0,0,3,5,12,0,2,1,0,0,1,1,1,2,1,66780,7420,7420,51940,5,2013,3,0.9999850256809572,1
40,39,1000,4000000,0,1,11,10,3,1,1,1,3,1,0,0,2,0,8760,1460,1460,5840,2,2013,2,0.9998858577787924,0
284,42,500,-1000000,1,0,6,11,5,2,2,0,0,1,1,0,1,0,94160,8560,17120,68480,3,1996,0,0.9999893798918873,0
59,40,2000,0,1,1,10,9,2,0,0,2,0,3,0,0,2,0,51570,5730,11460,34380,2,2010,3,0.9999806092571406,0
39,31,2000,0,0,2,5,14,0,0,1,0,1,3,0,1,0,0,52700,10540,10540,31620,2,2014,0,0.9999810250279881,1
147,34,1000,0,1,2,11,7,5,2,2,1,1,1,1,2,2,0,101010,15540,15540,69930,8,1998,0,0.9999901000881092,0
156,37,500,0,1,2,3,9,4,0,1,1,3,4,0,1,2,1,53400,5340,5340,42720,6,2010,0,0.9999812737589183,1
123,31,500,0,0,0,9,1,5,2,2,2,1,1,0,1,2,0,72120,12020,12020,48080,8,2009,0,0.9999861344130003,0
231,43,2000,0,1,1,10,15,5,0,0,1,3,3,1,2,2,1,77100,7710,15420,53970,1,2010,0,0.9999870299996109,0
247,39,500,0,0,1,5,7,5,1,1,3,3,1,0,2,3,0,3300,600,0,2700,4,2003,3,0.9996970614965162,0
194,35,500,0,0,4,0,9,1,1,1,1,4,1,1,1,0,0,5940,1080,540,4320,9,2003,2,0.9998316781686585,0
119,27,2000,0,1,2,13,18,2,0,1,0,2,2,0,1,0,0,63720,7080,21240,35400,0,2006,0,0.9999843065865256,0
259,43,500,0,0,5,4,0,1,3,1,3,3,1,0,1,3,0,7680,1280,640,5760,1,2008,0,0.9998698086186695,0
107,31,2000,5000000,1,0,5,19,3,0,2,2,3,3,1,1,2,0,93730,14420,21630,57680,6,2001,1,0.9999893311711173,0
48,44,2000,0,1,1,11,0,2,0,1,0,3,3,1,0,2,0,87300,17460,17460,52380,7,2013,1,0.999988545377487,0
267,40,500,5000000,1,3,13,4,5,1,1,3,3,1,0,0,2,0,5670,1260,630,3780,5,1997,3,0.9998236642567448,0
286,47,500,0,1,2,8,3,0,0,1,1,2,3,1,0,0,0,65800,13160,6580,46060,0,2001,0,0.9999848026625735,0
175,34,500,0,0,3,5,0,5,2,0,0,2,1,0,2,1,1,36720,4080,4080,28560,6,2009,0,0.999972767626154,1
111,29,500,2000000,0,6,4,11,3,2,2,0,1,1,0,1,1,1,52800,4800,9600,38400,8,1996,3,0.9999810609647545,1
151,37,500,0,0,0,10,6,4,0,1,2,1,3,0,1,2,1,59100,5910,5910,47280,9,1998,0,0.9999830798125243,1
156,37,1000,6000000,1,0,6,10,4,0,1,2,2,3,0,1,1,1,77440,14080,7040,56320,11,1999,0,0.9999870869436087,0
165,36,2000,0,1,5,1,9,0,0,2,2,1,3,0,2,2,0,45700,4570,4570,36560,2,2008,1,0.9999781186407299,0
253,41,2000,0,0,6,11,7,2,0,1,0,2,3,0,2,2,1,80740,7340,14680,58720,12,2014,2,0.9999876147186684,1
10,26,2000,0,1,4,11,0,1,0,0,0,0,3,0,0,3,0,31350,2850,5700,22800,6,2001,3,0.9999681030908105,1
158,33,2000,0,0,0,5,16,2,2,2,2,2,1,0,0,0,0,35000,3500,7000,24500,11,2012,3,0.9999714293877318,0
436,59,1000,0,1,6,10,2,3,0,2,2,3,3,0,2,2,0,68000,13600,6800,47600,12,2014,2,0.9999852943339068,0
91,30,2000,8000000,0,5,6,9,4,0,2,1,2,3,1,2,0,0,84500,13000,13000,58500,2,2009,0,0.9999881658205229,0
256,42,1000,0,0,4,13,3,5,2,1,1,3,1,0,2,1,0,75500,7550,15100,52850,9,1998,0,0.9999867551423159,0
274,46,1000,0,1,2,3,3,1,0,2,2,2,3,0,1,3,0,90600,15100,15100,60400,2,2009,1,0.9999889625942319,0
275,45,2000,0,0,0,0,4,5,0,2,2,0,3,1,1,1,0,64320,5360,10720,48240,0,1998,2,0.9999844529780321,0
1,33,500,0,0,2,13,19,1,0,1,1,3,3,0,1,0,0,31700,6340,3170,22190,12,2006,3,0.9999684552537775,0
85,30,1000,0,1,0,10,15,2,2,2,0,2,1,1,0,1,1,74280,12380,12380,49520,11,2006,1,0.9999865376071942,1
233,37,2000,0,0,2,11,18,5,2,0,2,1,1,1,0,2,1,80520,13420,6710,60390,12,2005,0,0.9999875808795221,0
142,30,2000,0,1,3,0,14,0,0,1,0,2,3,1,0,3,1,63600,6360,12720,44520,4,2010,0,0.999984276976777,0
266,44,500,0,1,2,5,12,0,2,0,2,3,1,0,1,2,1,32800,3280,3280,26240,2,2012,3,0.9999695131245998,0
350,50,500,0,0,5,8,2,2,0,1,2,3,3,0,0,2,0,44190,9820,4910,29460,1,2015,0,0.9999773709578873,0
97,26,1000,0,1,1,3,17,1,0,1,0,2,2,1,2,2,0,50400,10080,5040,35280,6,2000,3,0.9999801591238269,1
399,55,2000,0,1,3,12,17,1,0,2,2,3,3,1,1,1,1,88400,17680,8840,61880,9,2010,1,0.9999886879107702,0
305,49,2000,0,0,2,4,3,3,0,0,2,1,3,1,0,2,0,66550,12100,6050,48400,13,2003,1,0.9999849739297682,0
276,47,1000,0,1,6,2,19,3,0,1,1,3,3,1,0,0,0,65780,5980,11960,47840,3,2014,1,0.9999847980419878,0
257,40,500,0,1,4,1,0,0,0,2,0,2,3,0,0,2,1,51810,9420,4710,37680,1,2002,3,0.9999806990793461,1
78,31,1000,4000000,1,6,10,2,3,2,0,0,2,1,0,1,0,0,55660,5060,10120,40480,6,2009,1,0.9999820340992795,1
129,28,1000,0,1,5,6,0,1,2,2,0,1,1,0,2,3,0,44640,9920,4960,29760,12,2005,1,0.9999775990681212,0
283,46,2000,0,0,6,13,15,0,0,0,0,0,3,0,1,3,0,77660,7060,14120,56480,9,2004,3,0.999987123524034,1
85,25,500,0,0,3,12,0,4,1,1,3,4,1,0,2,2,0,5640,940,940,3760,9,2005,2,0.9998227264669385,0
101,26,1000,0,0,4,9,15,0,1,1,3,4,1,0,2,2,0,3190,580,580,2030,11,1995,3,0.9996866186148543,0
96,30,500,6000000,1,1,9,10,5,2,2,2,1,1,0,0,0,1,53440,0,6680,46760,5,2004,1,0.9999812877753036,0
121,31,1000,6000000,0,3,1,4,4,2,1,1,3,1,0,0,1,1,65250,7250,7250,50750,2,2002,0,0.9999846745643745,0
176,39,500,4000000,1,1,1,17,4,0,2,1,1,3,0,2,1,0,44280,4920,4920,34440,3,2008,0,0.9999774169508368,0
159,37,1000,0,1,0,12,4,5,2,1,2,3,1,1,2,0,0,70290,7810,7810,54670,4,1999,0,0.9999857734276081,0
120,30,500,0,0,0,8,12,0,2,0,1,2,1,0,1,1,1,87100,8710,8710,69680,10,2000,1,0.999988519075556,0
212,35,2000,0,1,4,8,18,4,0,0,2,1,3,0,1,3,0,50380,4580,4580,41220,11,1996,3,0.9999801512474941,0
290,45,500,0,0,3,11,6,5,0,2,2,3,3,1,2,2,0,64800,12960,6480,45360,1,2014,1,0.9999845681393805,1
299,42,2000,0,0,0,2,12,5,2,1,1,2,1,1,1,3,0,70400,12800,12800,44800,2,2000,0,0.9999857956563117,0
66,26,1000,0,1,1,1,16,3,2,1,0,3,1,0,2,2,1,57860,0,10520,47340,11,2008,2,0.9999827172015693,1
334,47,500,0,1,5,10,17,2,3,1,1,4,1,0,0,3,0,6240,960,960,4320,5,2011,3,0.9998397692677455,0
216,38,1000,5000000,0,0,12,2,4,2,1,2,3,1,0,2,3,0,66600,16650,11100,38850,7,2012,0,0.9999849852104323,1
86,28,2000,0,1,6,13,10,4,2,2,1,3,1,1,0,2,1,70920,11820,11820,47280,7,2002,1,0.9999858998040073,0
429,56,1000,6000000,1,0,6,16,3,2,1,1,0,1,1,2,0,1,39480,6580,6580,26320,11,2002,3,0.9999746713609078,0
257,43,2000,6000000,0,6,5,0,0,2,0,2,2,1,0,2,2,1,63240,10540,5270,47430,8,2005,2,0.9999841874733164,0
15,34,1000,0,1,3,12,6,1,0,2,2,2,3,1,1,0,0,67650,12300,6150,49200,1,2009,1,0.9999852182525019,0
230,39,1000,7000000,0,4,2,3,4,2,0,0,1,1,0,1,3,0,74200,14840,14840,44520,0,2002,3,0.9999865230926807,1
250,43,1000,0,0,3,12,14,3,2,2,1,2,1,1,1,3,0,64900,12980,12980,38940,13,2011,1,0.9999845919169196,0
270,44,2000,0,0,0,6,13,2,0,1,0,0,3,0,1,0,0,35900,7180,3590,25130,1,2007,1,0.9999721456226845,1
65,26,500,3000000,0,2,2,4,4,2,1,1,1,1,0,1,3,0,52200,5220,10440,36540,6,2011,3,0.9999808432788644,0
475,57,500,0,1,5,0,16,3,2,0,1,3,1,0,0,2,0,78000,6500,13000,58500,11,2000,1,0.9999871796515429,0
77,27,2000,0,0,2,0,0,3,0,0,1,0,3,1,0,0,0,67200,6720,6720,53760,13,1995,3,0.9999851192690585,0
256,43,500,0,0,4,9,9,4,2,1,2,1,1,0,0,0,0,63250,11500,5750,46000,9,1997,2,0.9999841899732811,0
229,37,2000,0,0,4,2,13,1,0,2,0,2,3,1,1,1,1,68760,11460,5730,51570,5,1995,0,0.999985456872355,0
110,28,1000,0,1,1,7,12,2,0,2,1,3,3,1,0,2,0,65040,10840,10840,43360,11,2010,1,0.9999846250826402,0
177,33,1000,0,1,1,0,19,5,2,2,0,0,1,0,1,3,0,82800,20700,13800,48300,7,2004,1,0.9999879228511733,1
292,44,500,0,1,6,8,1,4,2,2,2,2,1,0,1,0,1,61700,6170,6170,49360,10,2005,2,0.9999837928072478,0
451,61,2000,2000000,0,0,13,14,4,0,1,0,0,3,1,2,1,1,78100,15620,7810,54670,3,1997,3,0.9999871960666317,1
61,24,500,0,0,1,8,13,2,0,1,0,0,3,1,2,1,0,65520,9360,9360,46800,12,2011,0,0.9999847377176783,1
150,30,1000,0,1,4,9,14,3,1,1,3,4,1,1,0,2,0,4500,450,450,3600,10,1999,2,0.9997778271495223,0
283,41,500,0,0,0,11,15,3,0,2,0,2,3,0,0,2,0,42700,0,6100,36600,8,2011,0,0.9999765813446991,1
291,46,1000,0,0,2,0,14,3,1,1,1,3,1,0,2,2,1,5580,620,620,4340,13,2005,2,0.999820820641462,1
162,31,1000,0,0,5,0,5,5,1,1,1,4,1,0,0,0,0,3600,360,720,2520,2,2013,2,0.9997222993612885,1
154,36,2000,7000000,0,5,3,7,3,3,1,3,4,1,0,2,0,0,2800,280,280,2240,13,2015,2,0.9996429846483399,0
289,47,2000,0,0,0,0,10,3,2,0,1,0,1,0,1,0,1,54000,6000,6000,42000,12,1996,0,0.9999814818244107,0
10,19,1000,0,0,3,2,19,5,2,2,1,3,1,0,0,2,0,48950,4450,8900,35600,0,2011,3,0.9999795714081429,1
309,47,500,0,1,6,3,10,2,0,1,0,2,4,1,0,1,0,77800,15560,15560,46680,4,2002,0,0.9999871466947725,0
396,57,1000,0,1,2,10,8,2,0,0,0,2,3,1,2,1,0,52560,11680,5840,35040,10,1995,1,0.9999809744867868,0
273,41,1000,0,0,6,4,7,3,0,2,2,3,2,0,1,2,1,44110,4010,8020,32080,6,2015,0,0.9999773299177076,0
129,30,2000,0,0,6,11,18,0,2,0,2,2,1,0,1,3,0,74360,13520,6760,54080,11,2009,2,0.9999865520904775,0
140,31,2000,6000000,0,3,1,0,5,1,1,1,4,1,1,1,2,0,6120,680,680,4760,6,2002,3,0.9998366280019605,1
419,53,2000,6000000,1,1,13,5,4,0,2,1,3,4,0,0,0,1,62280,5190,10380,46710,11,2012,0,0.999983943738861,0
315,44,1000,6000000,0,5,11,15,2,0,0,2,2,3,0,1,0,1,26730,4860,4860,17010,13,2006,2,0.9999625902510194,0
72,29,500,0,0,0,2,8,3,2,1,0,0,1,0,1,0,0,66200,6620,6620,52960,4,2013,2,0.9999848944879987,0
32,26,2000,6000000,1,3,7,14,1,2,2,2,1,1,0,1,2,0,45500,9100,4550,31850,12,2009,0,0.9999780224610448,0
230,41,1000,0,1,3,13,17,3,0,2,1,0,3,0,2,0,0,53040,4420,4420,44200,1,2006,1,0.9999811466601308,0
157,32,2000,0,1,1,7,15,2,0,0,0,2,3,0,1,2,0,50800,10160,5080,35560,8,2013,0,0.999980315348123,1
265,41,2000,6000000,0,0,2,17,3,0,2,2,3,3,0,1,3,0,44200,4420,4420,35360,1,2014,0,0.9999773760774643,0
47,34,500,0,0,6,3,0,2,2,0,1,3,1,1,1,3,0,62920,11440,5720,45760,3,2012,1,0.9999841070548784,0
113,29,2000,0,1,6,3,9,1,0,1,1,2,3,0,0,2,1,49950,5550,5550,38850,9,2004,0,0.9999799803807732,1
289,46,2000,0,1,3,1,5,4,2,1,1,0,1,1,0,1,1,56430,6270,6270,43890,2,1995,0,0.9999822792436781,1
254,41,2000,0,0,5,10,2,3,2,0,1,3,1,0,2,2,1,100210,18220,18220,63770,1,2014,0,0.9999900210555728,0
115,30,500,0,1,2,9,0,5,0,0,1,1,3,0,1,0,1,49140,5460,5460,38220,5,2007,2,0.9999796503937649,0
236,38,1000,0,0,1,7,13,1,2,2,0,0,1,0,0,1,0,66840,16710,5570,44560,8,2014,0,0.9999850391226942,0
7,21,1000,0,1,0,6,4,5,2,0,2,2,1,0,1,2,0,62460,6940,6940,48580,6,2003,1,0.9999839900097661,0
208,36,2000,5000000,1,3,6,0,5,0,2,2,2,3,1,0,1,0,62810,11420,11420,39970,9,1999,0,0.9999840792217923,0
126,33,1000,2000000,0,3,8,17,3,2,0,0,0,1,1,1,2,0,54160,6770,6770,40620,11,2009,1,0.9999815365299755,0
48,35,500,0,0,3,3,9,4,2,1,0,0,1,1,0,2,0,48400,9680,4840,33880,10,2005,3,0.9999793392698498,0
297,48,1000,3000000,1,6,3,9,2,0,2,2,1,3,0,0,0,0,51480,5720,5720,40040,12,2013,0,0.9999805753578991,0
160,36,1000,0,0,2,9,2,0,0,1,2,1,3,0,2,1,0,51700,5170,10340,36190,10,2003,3,0.9999806580143518,0
406,58,2000,0,1,4,3,18,3,0,0,2,2,3,0,1,2,0,65520,10920,5460,49140,13,2009,0,0.9999847377176783,0
157,31,500,7000000,1,2,4,15,3,0,1,0,2,4,0,2,2,0,47700,4770,9540,33390,0,2011,3,0.9999790360789081,1
146,31,2000,0,0,6,6,18,1,3,1,1,4,1,1,2,0,0,5220,580,580,4060,0,2015,3,0.9998084658111472,0
409,57,1000,6000000,1,2,10,8,4,2,2,0,2,1,0,1,0,0,73320,6110,12220,54990,5,2012,1,0.9999863613425894,0
252,46,1000,0,1,5,0,7,5,2,0,1,1,1,1,0,2,1,74900,14980,7490,52430,7,2003,0,0.999986649043404,0
6,27,500,0,0,2,9,7,4,3,1,3,3,1,0,0,1,1,3190,580,290,2320,10,2015,2,0.9996866186148543,0
103,33,1000,6000000,1,4,1,8,3,2,1,1,0,1,0,1,0,1,76920,12820,6410,57690,3,2002,1,0.9999869996489905,0
369,53,2000,0,0,5,8,18,1,0,0,2,3,2,1,1,3,0,77990,7090,14180,56720,7,2012,2,0.9999871780077189,0
261,46,1000,0,1,4,13,0,3,2,0,2,1,1,1,1,0,0,59670,9180,9180,41310,5,2008,2,0.9999832414405657,0
159,33,2000,0,0,1,2,16,0,0,1,0,0,3,1,2,0,0,44880,8160,4080,32640,8,2004,1,0.9999777188565317,1
344,51,2000,0,1,0,11,16,2,2,2,1,0,1,0,0,2,0,82830,7530,15060,60240,1,2004,0,0.9999879272253142,0
437,60,1000,0,0,1,1,6,4,2,0,1,2,1,0,1,3,0,84480,7680,15360,61440,3,2012,2,0.9999881630189037,1
65,30,500,4000000,0,1,13,16,5,0,2,2,1,3,0,2,3,0,79800,15960,7980,55860,6,1999,3,0.9999874688287114,0
280,41,2000,0,1,4,0,8,0,0,1,1,3,3,0,0,3,1,53020,9640,9640,33740,12,1999,2,0.9999811395484808,0
269,45,500,0,0,2,6,17,5,0,2,2,3,3,0,0,0,0,24200,2200,4400,17600,11,2008,3,0.9999586793934135,0
275,40,2000,0,1,5,3,4,4,2,1,1,1,1,0,1,3,1,43230,7860,7860,27510,3,2001,0,0.9999768684508802,0
265,45,500,0,0,1,3,6,4,3,1,3,4,1,0,2,3,0,3190,290,580,2320,5,1995,3,0.9996866186148543,0
283,43,2000,0,0,0,0,14,1,1,1,1,4,1,0,0,3,0,5850,1300,650,3900,2,2006,2,0.9998290890446078,0
84,29,1000,0,0,2,6,18,1,1,1,3,3,1,1,2,0,1,6820,620,1240,4960,2,2005,3,0.9998533939305088,0
247,44,2000,0,0,1,4,4,1,0,0,1,1,3,0,2,2,0,69480,11580,11580,46320,3,2008,1,0.9999856075761719,0
56,29,1000,0,1,5,9,12,3,0,0,0,1,3,0,1,2,1,94560,7880,15760,70920,7,1995,2,0.9999894248157274,0
210,39,1000,0,1,0,1,13,4,3,1,1,4,1,1,1,2,0,7800,780,780,6240,4,1997,3,0.9998718113062428,0
108,32,2000,4000000,0,2,6,1,4,2,0,2,2,1,0,1,3,0,61270,5570,11140,44560,11,1999,1,0.9999836790651369,0
328,49,500,0,0,5,13,3,5,2,1,2,3,1,0,0,2,1,71440,8930,8930,53580,8,2005,1,0.9999860024355762,0
186,37,2000,0,0,3,8,8,4,2,1,2,0,1,1,1,2,1,55600,11120,5560,38920,7,2009,1,0.9999820147119656,0
277,44,500,0,1,2,8,2,4,3,1,3,3,1,0,1,3,0,5000,1000,500,3500,7,2005,3,0.9998000399920016,0
138,33,500,5000000,0,3,3,13,3,2,2,1,2,1,0,2,0,0,95810,14740,14740,66330,2,2007,3,0.9999895627850665,0
208,41,1000,0,0,1,12,5,0,2,1,0,0,1,0,2,2,0,69300,6930,13860,48510,13,1996,0,0.9999855701937923,0
147,37,1000,0,1,4,9,18,2,2,0,2,0,1,0,1,0,0,81120,13520,20280,47320,12,1995,1,0.9999876727357897,0
8,21,500,0,1,2,5,10,0,2,0,0,2,1,0,0,0,0,91260,14040,14040,63180,12,2012,1,0.9999890424168045,0
297,48,1000,0,0,4,7,11,5,2,2,1,1,1,0,0,0,0,60600,6060,12120,42420,5,2004,2,0.999983498622135,0
150,31,1000,0,1,5,6,0,0,0,0,0,0,3,0,0,3,1,64800,6480,12960,45360,11,2000,3,0.9999845681393805,1
4,34,500,0,0,1,3,1,2,0,2,0,3,4,0,0,0,0,66880,6080,12160,48640,3,1996,3,0.9999850480704535,1
210,35,1000,0,1,5,4,6,1,2,0,2,0,1,0,0,2,0,58200,5820,5820,46560,2,2013,2,0.9999828181646363,0
91,31,1000,4000000,0,2,8,14,3,2,2,1,3,1,0,1,0,0,60570,6730,6730,47110,9,2011,1,0.9999834904492249,0
167,36,1000,0,0,5,3,4,2,0,1,0,0,3,0,0,0,0,69680,8710,8710,52260,8,2008,1,0.999985648885636,1
467,58,2000,0,1,5,13,3,3,2,0,2,1,1,1,2,3,0,55700,5570,11140,38990,9,2014,3,0.9999820470009515,0
264,47,2000,10000000,0,3,13,17,2,0,0,2,0,4,1,1,2,1,62370,5670,5670,51030,4,2001,0,0.9999839669076975,0
270,45,500,0,0,6,8,19,1,0,2,2,2,3,0,0,0,1,54340,9880,0,44460,10,2005,1,0.9999815976886697,0
310,48,1000,0,0,5,8,0,2,2,0,0,3,1,1,1,0,0,55170,6130,6130,42910,1,2005,1,0.999981874535535,1
143,34,500,0,1,1,8,8,5,2,0,1,2,1,0,2,3,1,58500,11700,5850,40950,4,1999,2,0.9999829062751064,0
146,32,2000,0,1,0,8,16,3,2,1,0,1,1,0,0,3,0,59940,6660,6660,46620,6,1995,2,0.9999833169283129,0
102,28,500,0,1,4,6,15,5,2,2,2,3,1,0,1,0,0,73400,7340,7340,58720,4,1996,3,0.9999863762074086,0
61,23,500,0,1,3,3,3,2,2,2,0,1,1,0,1,2,0,41850,4650,4650,32550,11,1997,3,0.9999761057083463,0
255,44,2000,6000000,0,6,8,5,1,1,1,3,3,1,0,2,2,0,6400,640,1280,4480,8,2005,2,0.9998437744102484,1
211,40,1000,0,0,6,7,17,3,3,1,3,3,1,0,1,1,0,3190,580,290,2320,1,2004,3,0.9996866186148543,0
61,29,1000,0,1,3,5,14,4,1,1,3,4,1,1,2,1,1,5900,590,590,4720,9,2010,2,0.9998305371970853,0
108,31,2000,0,1,5,10,19,1,2,1,2,1,1,0,0,2,0,57330,6370,6370,44590,4,2006,0,0.9999825574296628,0
303,50,500,0,1,4,12,2,3,0,0,2,2,3,0,0,3,0,81960,13660,13660,54640,4,2008,0,0.9999877990751699,0
152,33,500,0,0,6,13,8,5,2,2,0,1,1,1,0,0,0,70400,6400,19200,44800,11,2001,0,0.9999857956563117,1
120,34,1000,0,0,3,10,13,1,1,1,1,4,1,0,2,1,0,3770,580,580,2610,7,2002,3,0.9997348183505701,0
144,36,2000,6000000,0,0,11,15,2,1,1,1,4,1,0,0,0,0,7400,740,1480,5180,4,2014,2,0.9998648831239022,0
414,52,500,0,0,2,4,5,4,2,1,2,3,1,1,1,1,0,54810,6090,6090,42630,3,1999,0,0.9999817554870373,1
163,37,500,6000000,0,3,8,7,3,2,1,2,1,1,1,2,3,1,49400,4940,9880,34580,7,2005,1,0.9999797574947875,0
352,53,500,0,1,0,12,8,5,2,0,1,1,1,1,2,2,0,68750,12500,6250,50000,3,2009,1,0.9999854547570217,0
27,32,500,0,0,6,0,19,2,2,0,2,0,1,0,1,0,0,61500,12300,6150,43050,4,2013,2,0.9999837401017869,0
239,39,500,0,0,5,7,15,0,0,1,0,0,4,0,0,3,0,76890,6990,13980,55920,2,2007,3,0.9999869945767385,0
33,32,500,5000000,0,6,7,0,0,2,1,1,0,1,1,0,1,0,56070,6230,12460,37380,12,2012,3,0.9999821654687806,0
88,30,1000,0,0,1,13,15,0,2,2,2,1,1,0,2,0,1,56000,14000,0,42000,3,2003,3,0.9999821431760147,0
101,33,1000,0,0,1,8,2,4,1,1,3,4,1,1,1,0,0,4290,780,390,3120,1,1997,3,0.9997669540899558,0
20,37,500,0,0,0,13,15,0,0,1,2,2,3,0,2,1,0,60750,6750,6750,47250,11,2003,0,0.9999835393656071,0
126,30,2000,0,0,0,6,2,1,2,2,1,2,1,0,2,3,0,48730,4430,4430,39870,3,2011,1,0.9999794791816298,0
264,43,2000,0,1,0,0,18,1,0,0,1,3,3,1,2,0,0,95150,17300,17300,60550,5,2007,2,0.9999894903889607,0
78,24,500,0,1,5,2,19,0,3,1,1,3,1,0,0,1,1,7480,680,680,6120,4,2003,1,0.9998663280310119,0
123,28,2000,0,1,5,13,12,3,2,2,0,0,1,0,2,1,1,79800,13300,6650,59850,13,2011,3,0.9999874688287114,1
347,51,500,9000000,0,4,8,2,4,2,2,2,2,1,1,0,2,0,103560,8630,17260,77670,7,1997,0,0.9999903438553124,0
163,38,2000,0,0,6,7,19,2,2,2,1,0,1,1,2,3,0,79500,15900,7950,55650,0,1995,0,0.9999874215418674,0
271,44,500,0,0,2,12,0,2,2,1,1,2,1,0,2,2,0,76230,6930,13860,55440,13,1997,0,0.9999868819771484,1
410,54,2000,0,1,4,10,2,3,2,2,1,0,1,1,0,2,0,59520,9920,9920,39680,6,2001,3,0.9999831992070025,0
448,57,2000,0,0,6,12,10,3,0,0,0,3,3,0,2,1,0,47760,5970,5970,35820,11,2013,2,0.9999790624149411,1
218,41,500,0,1,3,9,9,5,0,2,2,3,3,0,2,0,0,84590,15380,7690,61520,10,2013,0,0.999988178411415,0
43,38,1000,0,1,6,5,16,2,0,0,2,2,3,1,2,2,0,61650,6850,6850,47950,9,2006,3,0.9999837796629414,0
33,33,1000,6000000,0,0,5,7,4,2,1,0,3,1,0,2,1,0,81400,8140,8140,65120,2,1998,0,0.9999877151386347,0
126,34,2000,0,0,5,13,4,5,0,2,0,1,3,0,0,1,1,58410,10620,5310,42480,3,2007,3,0.9999828799369982,0
411,56,1000,0,0,1,10,8,2,0,2,0,0,3,0,0,0,0,38610,3510,3510,31590,13,2007,1,0.9999741006448939,0
225,37,1000,5000000,0,2,4,19,1,0,0,1,1,3,0,2,2,0,57600,9600,9600,38400,13,2015,1,0.9999826391902918,0
35,35,2000,0,0,6,10,11,1,0,2,1,1,3,0,2,2,0,53190,5910,11820,35460,13,1996,1,0.9999811998270384,0
460,57,2000,0,0,3,2,16,0,2,0,0,2,1,0,2,3,0,58300,5830,11660,40810,9,2014,2,0.9999828476355466,1
195,38,2000,6000000,1,4,12,18,4,0,0,1,0,3,1,1,2,0,64620,7180,0,57440,4,2003,2,0.9999845251543615,0
360,51,1000,0,1,6,1,10,1,0,2,2,0,3,0,2,0,1,90480,15080,15080,60320,2,2000,0,0.9999889479559244,0
300,49,1000,0,0,6,4,11,5,3,1,3,4,1,0,1,0,0,7080,1180,1180,4720,9,2001,3,0.999858777008897,0
245,42,1000,7000000,1,3,3,5,2,1,1,1,3,1,0,2,2,0,6490,590,1180,4720,12,2011,1,0.9998459405330458,1
146,36,2000,0,0,5,7,9,2,0,2,2,3,3,0,1,1,0,55900,5590,5590,44720,9,2015,0,0.9999821112323573,0
67,29,1000,0,1,2,0,14,0,2,1,0,2,1,0,0,3,1,63800,6380,6380,51040,10,1998,0,0.9999843262644786,1
380,56,1000,0,1,4,4,6,2,2,2,2,3,1,0,0,1,1,58160,7270,7270,43620,10,1996,2,0.9999828063478964,1
389,53,2000,0,1,5,1,5,4,3,1,1,3,1,0,1,2,0,6300,630,1260,4410,8,2001,3,0.9998412950325345,1
317,46,1000,0,1,4,11,19,2,2,0,0,1,1,0,2,1,0,104610,19020,19020,66570,8,1999,0,0.9999904407758267,1
264,44,500,6000000,1,1,3,17,5,0,1,0,1,3,0,0,2,0,69850,12700,6350,50800,5,1999,1,0.999985683812687,0
20,21,1000,0,0,5,8,14,2,2,1,1,1,1,0,0,0,0,62900,12580,6290,44030,0,2006,0,0.999984102001558,0
116,30,500,0,1,3,5,9,1,0,0,0,2,3,0,0,3,0,59670,6630,6630,46410,13,2004,2,0.9999832414405657,1
222,40,1000,0,1,3,1,4,4,0,1,1,2,2,1,2,0,0,81500,16300,8150,57050,2,2013,0,0.9999877302118992,0
439,56,500,0,1,2,1,18,3,2,1,1,0,1,0,2,0,0,50000,15000,5000,30000,7,2009,2,0.999980000399992,0
66,28,2000,0,1,0,0,8,0,2,0,2,2,1,0,2,1,0,48290,8780,8780,30730,9,1995,3,0.9999792922076577,0
128,29,1000,0,1,2,7,9,0,2,1,2,1,1,0,0,0,0,59070,5370,5370,48330,3,2003,3,0.99998307121938,0
69,24,500,0,0,2,1,19,2,0,1,1,3,3,0,0,0,0,63300,12660,6330,44310,4,2012,1,0.9999842024612565,0
294,46,500,0,1,1,9,8,3,2,2,2,2,1,0,0,3,1,65780,11960,11960,41860,8,2013,2,0.9999847980419878,0
19,29,500,0,1,3,13,6,1,0,0,2,0,3,0,0,2,0,75400,11600,11600,52200,4,2005,3,0.9999867375764248,1
191,33,2000,0,1,2,1,12,4,3,1,1,4,1,1,1,1,0,2250,250,250,1750,12,2005,3,0.9995557529986673,0
4,39,1000,6000000,0,2,6,15,4,0,0,1,0,3,1,1,3,0,54120,4510,9020,40590,7,2007,0,0.9999815228839083,0
298,49,500,0,1,4,6,4,5,0,2,0,2,3,0,0,2,0,69480,11580,11580,46320,10,2007,0,0.9999856075761719,0
231,43,2000,0,0,5,0,15,1,2,1,1,3,1,0,1,2,0,66950,10300,10300,46350,3,2015,2,0.9999850637033054,0
338,47,2000,0,0,0,1,2,3,0,1,0,2,3,0,2,3,0,64100,12820,6410,44870,4,2014,3,0.9999843996193507,1
261,46,1000,0,1,6,9,4,4,2,1,1,2,1,0,0,3,0,80280,13380,13380,53520,3,2013,1,0.9999875437525692,0
321,44,2000,6000000,1,0,6,10,0,3,1,3,3,1,0,1,2,0,4680,520,0,4160,0,1999,2,0.999786370433668,0
0,32,1000,0,1,1,12,0,5,0,1,1,0,4,0,1,1,0,39720,6620,6620,26480,0,2002,3,0.9999748244001914,0
405,58,500,0,1,4,3,8,1,2,0,0,3,1,0,0,0,0,63580,5780,5780,52020,8,1997,2,0.9999842720309526,1
304,49,1000,0,0,6,2,4,3,2,2,1,2,1,1,1,1,1,73370,13340,6670,53360,10,2013,3,0.9999863706369001,0
1,29,500,0,0,3,2,13,2,2,2,1,3,1,0,2,3,1,86790,7890,23670,55230,6,2003,0,0.9999884780680024,0
26,39,1000,0,1,5,12,17,0,2,2,0,3,1,0,0,2,0,49800,9960,4980,34860,8,2015,3,0.999979920081926,0
202,38,2000,0,0,0,1,8,0,2,2,0,2,1,1,1,1,0,77440,7040,14080,56320,9,2005,2,0.9999870869436087,0
289,48,500,8000000,0,6,5,2,3,2,0,2,2,1,0,1,0,0,42900,8580,0,34320,0,1999,3,0.9999766905200345,0
61,26,2000,6000000,0,3,4,16,5,0,1,0,1,2,1,1,0,0,53820,11960,5980,35880,5,2015,0,0.9999814198918637,1
334,46,1000,6000000,1,4,11,15,2,2,1,1,3,1,0,2,1,0,57330,12740,6370,38220,7,1998,3,0.9999825574296628,0
12,24,1000,0,0,6,12,13,2,0,1,1,3,3,0,2,1,0,53370,5930,5930,41510,9,2011,0,0.9999812632328418,0
86,29,2000,0,1,2,9,19,0,2,0,1,3,1,0,2,2,1,62920,9680,14520,38720,0,2005,3,0.9999841070548784,0
83,24,1000,0,0,2,6,2,4,0,0,2,1,3,0,0,1,0,61600,6160,12320,43120,6,2003,3,0.9999837664972971,0
126,30,2000,0,1,1,11,9,4,0,1,2,3,3,1,2,0,0,74160,6180,12360,55620,8,2002,0,0.9999865158236809,0
209,38,500,0,1,2,8,15,0,2,1,2,3,1,0,2,0,0,80100,8900,8900,62300,1,2015,2,0.9999875157613513,0
283,48,1000,0,0,3,11,13,0,1,1,3,3,1,0,2,3,0,6560,820,820,4920,13,2003,2,0.9998475842097241,0
194,34,1000,0,1,3,7,10,1,2,1,2,0,1,0,2,1,1,58800,11760,5880,41160,9,1997,2,0.9999829934865053,0
184,38,1000,0,0,1,13,5,1,0,2,1,0,3,0,0,2,0,53730,11940,5970,35820,4,2013,3,0.9999813887699838,1
479,60,2000,0,0,1,7,6,0,2,1,2,0,1,0,0,0,0,60600,5050,10100,45450,6,2001,0,0.999983498622135,0
284,48,1000,0,0,3,12,12,2,2,2,2,2,1,0,0,3,1,35750,6500,3250,26000,8,2001,2,0.9999720287544405,0
65,27,1000,0,0,1,0,8,5,2,0,2,0,1,0,1,2,1,42840,3570,7140,32130,3,2004,0,0.9999766578744661,0
222,39,1000,0,1,2,1,10,3,0,0,0,1,3,0,1,0,0,87960,14660,14660,58640,7,1999,1,0.9999886313252464,1
196,41,2000,0,1,3,10,4,2,0,1,1,0,3,0,1,0,0,47800,4780,4780,38240,7,2009,3,0.9999790799355662,0
253,43,500,7000000,0,0,12,8,4,3,1,3,3,1,0,0,1,0,3840,640,640,2560,3,2014,2,0.9997396511325176,0
280,43,1000,0,1,3,13,10,3,2,0,2,1,1,0,0,2,0,77000,14000,7000,56000,0,2004,3,0.9999870131556733,0
5,26,2000,0,0,6,4,16,1,2,1,2,0,1,1,1,3,0,88110,16020,16020,56070,1,2003,1,0.9999886506792568,0
220,42,1000,0,1,1,4,10,2,0,1,1,1,4,0,0,2,1,47740,4340,4340,39060,6,2005,1,0.9999790536436187,0
85,30,1000,0,0,4,2,18,3,0,1,2,1,3,1,2,1,1,58960,5360,10720,42880,5,2004,2,0.9999830396363698,0
266,46,500,0,0,0,12,16,3,1,1,1,3,1,0,1,2,0,2160,480,240,1440,12,2004,3,0.999537251272559,0
41,26,1000,0,0,3,9,8,3,3,1,3,3,1,1,1,1,0,6890,530,1060,5300,7,1997,2,0.9998548831809607,0
316,45,2000,5000000,0,2,9,11,0,0,2,0,0,3,0,2,0,1,78870,7170,14340,57360,11,2013,3,0.9999873210685803,0
285,47,1000,0,0,5,11,1,2,3,1,3,3,1,0,1,1,0,2700,300,300,2100,5,2013,2,0.9996297667530544,0
379,54,500,0,0,0,6,11,1,2,0,2,0,1,0,0,1,0,75960,6330,6330,63300,7,2010,0,0.9999868353497189,0
15,34,2000,0,0,2,11,18,2,2,0,0,3,1,1,1,3,0,75570,6870,13740,54960,2,2010,2,0.9999867674107793,1
354,48,2000,5000000,0,5,11,8,4,2,0,1,3,1,0,2,3,1,90240,15040,15040,60160,3,1995,2,0.9999889185625159,0
342,53,1000,0,0,1,9,7,1,2,0,0,0,1,0,0,0,0,80960,14720,7360,58880,0,2000,2,0.9999876483739084,0
169,38,1000,0,1,6,2,16,3,0,0,2,2,3,0,1,3,1,79080,6590,13180,59310,8,2012,2,0.9999873547375476,0
339,49,2000,0,1,3,0,13,1,3,1,1,4,1,0,0,3,0,6820,1240,620,4960,8,2009,0,0.9998533939305088,0
259,42,2000,0,0,6,1,17,5,0,1,2,1,3,0,1,2,1,62590,5690,11380,45520,9,2006,0,0.9999840232621303,0
65,23,1000,0,0,1,11,7,5,2,2,0,2,1,0,1,0,1,52400,6550,6550,39300,0,2005,0,0.9999809163947253,1
254,46,2000,0,1,4,12,1,0,0,0,0,0,3,0,1,3,1,63580,5780,11560,46240,13,2004,3,0.9999842720309526,0
440,55,500,0,0,0,8,15,2,0,2,1,3,3,1,2,1,0,61400,6140,6140,49120,9,1995,0,0.9999837136202994,0
478,63,1000,0,1,2,0,13,3,1,1,1,4,1,1,1,3,0,4700,940,470,3290,4,2007,3,0.9997872793022761,1
230,44,2000,0,0,1,9,10,2,2,0,2,1,1,0,0,2,1,74140,13480,13480,47180,2,2015,1,0.9999865121862397,0
138,30,500,4000000,0,6,7,15,5,2,0,0,2,1,0,2,2,0,83160,6930,13860,62370,13,2011,3,0.9999879751325742,0
239,41,1000,7000000,0,3,4,13,2,1,1,3,3,1,0,0,2,1,10790,1660,830,8300,8,2013,1,0.9999073301825595,0
93,31,2000,0,0,4,9,13,0,0,1,0,3,3,1,1,3,0,48070,8740,8740,30590,10,2014,1,0.9999791974371243,0
37,25,1000,0,0,5,10,9,1,0,1,1,0,3,1,0,0,1,51030,5670,11340,34020,11,1996,3,0.9999804040681155,0
254,40,500,0,1,4,9,19,0,2,0,1,1,1,1,0,1,0,43280,0,5410,37870,6,1996,2,0.9999768951734017,1
131,29,1000,0,0,0,11,13,3,2,0,0,1,1,0,1,3,0,76400,15280,7640,53480,11,2003,3,0.9999869111660842,0
230,43,2000,0,1,4,9,2,5,2,2,2,0,1,0,0,2,0,75460,13720,13720,48020,1,2002,0,0.9999867481215462,0
313,50,2000,0,1,4,1,14,4,0,2,0,2,3,1,2,1,1,69000,13800,6900,48300,5,1995,0,0.9999855074564137,1
210,38,500,0,1,3,12,9,2,3,1,1,3,1,0,1,2,0,8640,1440,720,6480,0,2008,3,0.999884272653628,0
101,29,500,0,1,6,1,7,3,0,1,1,0,3,0,2,1,0,67210,12220,12220,42770,2,1996,3,0.9999851214830906,0
153,37,500,0,1,2,13,1,4,0,2,2,0,3,0,0,3,0,42500,4250,4250,34000,13,1999,3,0.9999764711418555,0
337,53,500,0,1,0,1,1,5,2,1,1,1,1,1,0,1,0,86400,14400,7200,64800,0,2001,2,0.9999884260598836,0
360,51,1000,0,1,5,5,5,1,3,1,1,3,1,1,2,2,0,4620,840,840,2940,4,2009,3,0.9997835966241073,1
428,53,1000,0,0,2,12,4,4,1,1,3,3,1,1,2,2,0,6930,630,1260,5040,6,2013,2,0.9998557206752272,0
204,40,500,0,0,3,11,10,1,0,2,1,2,3,1,1,2,1,41700,8340,8340,25020,10,2013,2,0.999976019759718,0
364,51,500,0,1,5,13,2,5,2,1,0,2,1,1,2,1,0,77330,14060,14060,49210,13,2014,0,0.9999870685753449,1
185,35,2000,0,1,1,7,17,3,3,1,3,3,1,0,2,3,1,4950,900,450,3600,5,2011,2,0.9997980206018986,0
63,26,500,6000000,1,6,2,14,3,3,1,1,3,1,0,0,2,1,5160,860,860,3440,0,2004,3,0.9998062391009495,0
210,35,500,0,0,1,3,19,1,0,2,2,1,3,0,2,1,0,24570,2730,2730,19110,10,2006,2,0.9999593016157259,1
194,38,2000,0,0,6,2,12,1,0,1,1,0,3,0,1,0,0,53680,4880,9760,39040,12,2011,0,0.9999813714349584,0
294,49,500,0,1,5,4,3,3,0,2,2,3,3,1,1,1,1,42900,3900,3900,35100,3,2010,1,0.9999766905200345,0
272,41,2000,5000000,1,4,10,5,5,2,0,1,1,1,0,0,0,0,84100,16820,8410,58870,5,2009,1,0.9999881095349639,1
27,27,2000,0,0,1,0,7,3,2,0,2,1,1,0,1,3,0,61560,6840,6840,47880,5,2008,1,0.9999837559493835,0
251,39,2000,0,0,0,7,10,1,2,1,1,3,1,1,0,0,0,44240,5530,5530,33180,4,1997,2,0.9999773965326281,0
180,33,2000,0,0,3,10,10,3,0,1,1,0,4,0,2,3,1,57700,11540,5770,40390,7,2002,2,0.9999826692778289,0
392,50,2000,0,0,6,3,8,1,2,2,1,2,1,0,2,2,1,108030,16620,16620,74790,10,2002,3,0.9999907433977284,0
143,30,500,5000000,0,2,3,7,4,2,1,1,1,1,0,2,0,1,54300,10860,5430,38010,12,2010,0,0.9999815841328888,0
371,54,2000,0,1,2,2,12,5,0,0,0,0,3,0,1,2,0,32280,5380,5380,21520,5,2010,0,0.99996902202534,1
292,42,1000,0,1,3,6,4,2,0,1,2,2,3,1,1,1,0,84600,16920,8460,59220,3,2007,0,0.9999881798087493,0
165,35,500,6000000,1,1,2,4,3,2,0,2,2,1,0,1,3,1,69700,6970,6970,55760,2,2008,2,0.9999856530035437,0
158,33,1000,3000000,1,3,9,12,4,0,1,2,0,3,0,0,1,0,36400,3640,7280,25480,13,1998,3,0.9999725282272465,0
241,39,1000,0,0,3,0,13,3,0,2,1,3,3,0,0,2,1,37520,4690,4690,28140,7,2010,1,0.9999733482583086,0
103,33,2000,0,0,5,7,13,5,0,2,0,0,3,0,2,3,0,79090,14380,14380,50330,4,2014,3,0.999987356336372,0
402,54,2000,0,1,3,4,2,1,2,1,0,2,1,0,0,2,1,67770,7530,15060,45180,8,2013,1,0.9999852444260819,1
102,32,500,3000000,1,3,12,5,5,2,2,2,2,1,0,1,0,0,47400,9480,4740,33180,3,2004,2,0.9999789033986625,1
182,40,1000,0,1,6,7,16,0,2,0,2,2,1,1,0,2,0,71100,7110,14220,49770,1,2008,0,0.999985935500204,0
282,46,2000,0,1,4,7,7,5,2,0,1,3,1,0,2,2,0,69400,13880,6940,48580,2,2012,3,0.9999855909857207,0
222,39,500,0,1,2,13,2,1,0,1,0,2,3,1,2,1,0,55000,5000,10000,40000,10,1996,2,0.9999818185123907,1
415,52,1000,0,1,6,6,14,1,0,1,2,3,2,1,1,3,1,51090,7860,7860,35370,12,2003,0,0.9999804270810906,0
51,34,500,0,1,6,6,4,4,2,2,0,1,1,0,2,3,0,64200,6420,19260,38520,6,2007,1,0.9999844239186305,1
255,45,500,0,1,2,11,0,3,2,0,2,2,1,0,2,0,1,67320,12240,12240,42840,5,2006,0,0.9999851457940315,0
143,31,500,0,1,0,10,12,0,0,2,0,2,4,1,2,0,0,76120,6920,13840,55360,1,1999,1,0.999986863020717,0
130,28,1000,0,0,3,4,12,2,0,0,1,0,2,1,2,1,0,85020,13080,13080,58860,5,2010,1,0.9999882381999742,0
242,41,2000,6000000,1,5,10,14,4,0,1,1,1,3,0,0,1,0,68090,12380,12380,43330,12,2009,3,0.9999853137712766,0
96,27,1000,0,0,2,8,8,5,1,1,3,3,1,0,1,2,0,6030,670,670,4690,9,2007,3,0.9998341900182391,0
180,35,1000,0,1,4,6,19,5,3,1,1,4,1,0,1,3,0,5100,1020,510,3570,3,2000,0,0.9998039600078416,0
150,30,1000,0,1,1,11,19,3,3,1,3,3,1,1,1,3,1,4590,510,510,3570,13,2013,2,0.999782182531039,0
463,59,1000,0,0,3,3,19,1,0,0,0,2,2,0,1,2,0,72400,7240,14480,50680,3,1999,0,0.9999861880360769,1
472,64,500,0,1,5,7,16,1,2,0,0,1,1,0,2,3,0,70900,14180,7090,49630,8,2002,0,0.999985895826575,0
75,25,1000,0,0,0,8,10,0,0,2,2,2,2,0,2,3,1,65100,6510,6510,52080,10,2011,1,0.9999846392528533,0
193,40,500,0,0,1,5,5,0,0,2,2,0,3,0,2,1,1,64260,0,14280,49980,5,1999,1,0.9999844384618976,0
43,43,500,0,0,0,1,19,1,2,1,0,0,1,0,2,1,0,79970,7270,21810,50890,6,1996,0,0.9999874954671069,1
253,41,1000,0,0,1,6,3,1,2,1,2,3,1,0,2,0,0,56610,6290,6290,44030,3,1995,0,0.9999823355884899,0
152,30,500,0,0,3,2,14,5,2,2,0,1,1,1,1,1,0,84590,7690,7690,69210,12,2000,2,0.999988178411415,1
160,38,500,0,1,2,11,17,5,0,2,0,1,3,0,2,1,1,66780,7420,14840,44520,8,1996,0,0.9999850256809572,0
56,36,500,0,1,3,4,8,3,2,1,0,3,1,1,1,2,1,58500,0,6500,52000,5,2001,0,0.9999829062751064,0
286,41,500,0,0,1,9,9,2,1,1,3,3,1,0,2,0,0,5000,500,500,4000,4,2003,3,0.9998000399920016,0
3,29,500,5000000,0,3,8,5,4,1,1,3,3,1,0,2,1,0,5000,500,1000,3500,8,2008,3,0.9998000399920016,1
286,41,1000,6000000,0,2,11,4,2,0,0,0,0,3,0,1,3,1,54450,6050,12100,36300,10,2007,0,0.9999816348643735,0
239,38,1000,5000000,0,5,5,3,2,0,0,0,3,3,0,1,3,0,61920,6880,6880,48160,10,2003,2,0.999983850390013,0
64,29,2000,0,1,2,3,6,2,2,2,1,0,1,0,1,2,0,43700,4370,4370,34960,9,2007,3,0.9999771172284387,1
98,31,500,0,1,5,6,3,5,2,0,1,2,1,0,2,0,0,64080,7120,7120,49840,5,1997,3,0.999984394750394,0
16,35,1000,0,1,3,11,5,3,2,1,2,2,1,0,2,1,0,55000,10000,10000,35000,13,2008,3,0.9999818185123907,1
70,27,1000,4000000,0,5,0,18,3,3,1,3,3,1,0,2,3,0,4400,0,550,3850,12,2000,1,0.9997727789138832,0
75,27,1000,0,1,3,1,12,2,0,2,1,3,2,0,0,1,1,71640,5970,11940,53730,12,2008,0,0.9999860415125417,0
246,44,1000,0,1,2,6,15,1,2,1,1,2,1,0,1,0,0,61740,6860,6860,48020,0,1997,3,0.9999838033073646,0
110,27,1000,0,0,0,8,9,3,2,2,2,0,1,0,0,3,0,57500,5750,5750,46000,1,2010,3,0.9999826089981044,0
236,39,1000,4000000,0,5,3,15,5,1,1,1,3,1,1,0,0,0,8700,870,1740,6090,0,2003,0,0.9998850706815309,0
267,46,2000,0,0,4,0,14,5,0,0,2,3,4,0,2,1,0,77100,15420,7710,53970,13,1996,3,0.9999870299996109,0
463,57,500,0,1,5,8,7,5,2,0,1,3,1,0,2,0,1,59400,6600,6600,46200,4,1995,0,0.999983165266578,0
303,46,1000,0,1,5,6,11,0,0,1,1,1,3,0,1,0,0,54890,9980,4990,39920,12,2006,3,0.9999817820772076,0
137,30,500,0,1,4,3,11,4,0,0,1,2,3,0,2,1,0,74030,6730,13460,53840,3,2005,3,0.9999864921451824,0
56,42,500,0,0,0,0,5,1,2,1,2,2,1,0,1,2,1,61490,11180,11180,39130,2,1998,0,0.9999837374575141,0
75,27,1000,0,1,2,5,2,1,0,0,1,3,3,0,0,2,1,79560,6630,13260,59670,13,2003,1,0.9999874310277649,0
131,33,2000,0,1,4,11,19,5,1,1,1,3,1,0,0,1,0,4900,490,490,3920,12,2010,3,0.9997959600081616,0
153,34,500,0,1,2,12,13,2,0,2,2,2,3,0,1,0,0,77770,14140,14140,49490,9,2000,3,0.999987141736637,0
255,43,500,0,0,3,13,2,4,0,2,0,1,2,0,2,2,0,74700,7470,14940,52290,9,2007,0,0.9999866132983494,1
103,26,500,0,1,4,12,17,0,0,0,1,3,2,0,2,2,0,40600,4060,4060,32480,13,2010,0,0.9999753700647768,0
97,28,1000,0,1,3,4,18,0,2,1,2,0,1,0,1,0,0,45270,10060,10060,25150,7,2006,1,0.9999779108038258,0
214,36,2000,7000000,0,0,6,11,3,0,0,1,0,3,0,0,3,0,47080,4280,8560,34240,10,2006,0,0.9999787600093456,0
438,57,500,0,0,4,6,5,0,2,2,1,3,1,0,0,0,0,40700,4070,4070,32560,13,2000,0,0.9999754305791012,1
87,27,500,0,0,5,13,14,3,2,2,1,3,1,0,2,1,1,34650,6300,3150,25200,5,1996,3,0.9999711408040172,0
27,28,1000,0,1,4,10,4,5,1,1,3,3,1,0,2,0,0,3200,400,400,2400,7,2012,3,0.999687597625742,0
206,42,1000,0,1,2,6,19,4,2,1,0,1,1,0,1,1,0,78980,7180,14360,57440,10,1997,3,0.9999873387270356,1
127,31,500,0,1,0,11,15,1,1,1,1,4,1,1,1,0,0,6160,560,1120,4480,9,1996,2,0.9998376886869015,0
422,60,1000,0,0,4,6,10,3,2,0,0,0,1,1,1,1,0,85250,15500,7750,62000,8,1999,2,0.9999882699323175,0
303,50,2000,5000000,1,5,11,4,1,0,2,0,1,4,1,1,2,0,72840,12140,6070,54630,4,2010,3,0.9999862714679919,0
228,40,500,0,1,0,3,0,0,1,1,3,3,1,0,0,2,0,6050,1100,1100,3850,12,2010,1,0.9998347380598248,0
239,39,2000,0,0,3,10,10,5,2,0,0,1,1,0,2,3,1,87890,15980,7990,63920,2,2014,2,0.9999886222707672,1
330,47,2000,0,0,2,2,5,5,0,2,2,2,2,0,0,2,1,60500,11000,5500,44000,5,1999,1,0.999983471347581,1
128,35,500,0,0,4,6,11,2,0,0,1,1,3,0,2,1,0,88220,16040,16040,56140,3,2008,2,0.9999886648303692,0
147,37,1000,6000000,0,0,9,18,0,0,1,2,2,2,0,1,2,0,53680,9760,4880,39040,0,2004,3,0.9999813714349584,0
287,45,1000,0,1,5,13,9,1,2,0,1,1,1,0,0,2,0,53800,5380,5380,43040,0,2006,1,0.9999814129848887,0
142,29,2000,0,0,4,2,7,0,2,1,0,3,1,1,1,2,0,54360,4530,9060,40770,8,1995,2,0.9999816044590791,1
162,35,2000,0,0,5,5,3,0,2,2,0,3,1,1,0,3,1,54340,9880,4940,39520,12,2001,0,0.9999815976886697,0
140,35,1000,0,0,2,2,5,5,1,1,3,4,1,0,0,2,1,2860,520,260,2080,3,1997,3,0.999650471862985,1
106,28,2000,0,1,2,2,14,3,3,1,1,3,1,1,2,1,1,5490,0,1220,4270,10,1999,2,0.9998178838098707,0
292,45,1000,0,1,5,2,7,4,3,1,3,3,1,0,0,2,0,7370,670,1340,5360,11,1997,3,0.9998643331976665,0
34,34,500,0,0,6,8,5,0,0,2,0,0,3,0,1,0,0,50800,5080,5080,40640,1,1997,3,0.999980315348123,1
290,48,500,5000000,1,0,0,18,1,0,2,1,1,2,0,1,1,0,41520,5190,5190,31140,9,2014,1,0.9999759158016426,0
182,38,2000,0,0,5,1,12,0,2,2,2,3,1,0,2,3,1,89650,8150,16300,65200,4,2005,0,0.9999888456347391,0
362,55,1000,0,0,3,7,0,4,0,1,2,3,3,0,0,3,0,39690,0,0,39690,11,1998,3,0.9999748053714947,0
143,32,1000,0,0,2,3,9,0,2,1,0,0,1,0,2,0,0,62260,5660,5660,50940,10,1995,3,0.9999839385811342,0
183,38,500,0,0,5,9,13,1,2,2,0,3,1,0,0,1,1,51920,9440,4720,37760,1,2001,0,0.9999807399703395,1
254,40,500,5000000,1,1,1,3,5,2,0,1,2,1,0,2,2,0,53460,9720,4860,38880,13,2009,1,0.9999812947756308,0
249,43,2000,0,0,4,0,9,1,0,1,2,1,3,1,2,1,1,57100,5710,5710,45680,6,2014,3,0.9999824871718533,0
169,36,500,0,1,2,3,19,4,0,0,2,0,3,0,2,3,0,77440,14080,7040,56320,4,2004,3,0.9999870869436087,0
235,40,500,0,1,1,2,3,0,2,2,1,0,1,0,1,2,0,68300,6830,13660,47810,11,2003,2,0.9999853589259308,0
112,32,1000,0,1,0,7,0,2,1,1,3,4,1,0,0,2,0,5060,460,920,3680,6,2012,3,0.9998024105907923,0
16,32,1000,0,1,4,12,5,1,0,2,2,0,3,0,0,2,0,59400,6600,13200,39600,4,1995,3,0.999983165266578,1
128,31,500,0,0,2,13,6,2,0,2,0,0,3,0,0,2,0,69930,0,15540,54390,5,2013,3,0.9999857001901875,1
103,27,1000,0,0,1,5,2,0,0,0,1,3,3,1,1,1,0,77700,7770,15540,54390,7,2008,2,0.9999871301527651,0
356,54,500,0,1,1,9,19,5,0,0,0,2,3,0,2,1,0,68750,12500,12500,43750,1,2007,1,0.9999854547570217,1
109,29,2000,6000000,0,2,0,12,0,0,2,1,3,3,0,1,3,1,91080,16560,16560,57960,7,1995,0,0.9999890207617396,0
2,20,1000,4000000,0,2,2,9,2,2,2,1,2,1,0,1,3,1,48360,4030,8060,36270,1,2000,1,0.9999793221810963,0
198,34,1000,0,1,0,5,11,2,2,2,0,2,1,1,1,1,1,95000,9500,9500,76000,5,2001,0,0.9999894737950127,0
107,32,500,4000000,1,0,6,19,2,3,1,3,3,1,0,1,3,0,3900,780,390,2730,5,2010,2,0.9997436554729556,0
252,39,500,9000000,1,2,13,6,2,0,0,1,2,3,0,0,3,0,59400,11880,5940,41580,7,2010,0,0.999983165266578,1
303,43,1000,7000000,0,0,6,4,2,2,1,1,1,1,0,2,0,0,60210,6690,6690,46830,9,2013,1,0.999983391739051,0
101,32,500,0,1,3,11,18,2,2,0,1,0,1,0,0,3,1,43600,8720,4360,30520,11,2010,3,0.9999770647462214,0
446,57,2000,0,1,1,0,17,4,0,0,2,3,3,0,0,0,0,62800,6280,12560,43960,7,2012,2,0.999984076686677,0
330,48,1000,0,1,1,4,16,0,2,2,0,0,1,1,1,3,0,59500,11900,5950,41650,4,2006,2,0.999983193559772,0
211,37,2000,4000000,0,6,1,16,1,0,0,2,3,3,1,1,0,0,53460,5940,5940,41580,6,2009,1,0.9999812947756308,0
172,33,1000,6000000,0,2,0,15,5,0,2,2,0,3,0,0,1,0,41690,7580,7580,26530,10,1999,0,0.9999760140078194,0
316,46,500,7000000,0,5,9,13,5,2,2,1,0,1,0,0,1,1,63100,6310,12620,44170,0,2000,0,0.9999841523906119,0
435,60,500,5000000,1,0,8,5,2,2,0,2,0,1,0,2,1,0,62880,5240,10480,47160,8,2007,1,0.9999840969450231,1
344,51,1000,0,0,5,11,13,1,0,2,0,1,3,0,2,2,1,75400,17400,11600,46400,2,2006,0,0.9999867375764248,1
204,40,2000,0,1,3,6,10,0,2,1,2,0,1,1,1,1,0,46200,4200,8400,33600,1,1997,2,0.9999783554468518,0
278,47,500,0,1,5,6,17,1,2,1,0,0,1,0,2,2,1,58500,5850,5850,46800,12,2010,1,0.9999829062751064,0
434,57,2000,0,1,3,13,3,0,0,1,0,2,3,0,1,3,0,66240,11040,11040,44160,9,2003,0,0.999984903609547,0
209,36,2000,0,0,4,2,4,5,0,1,2,0,3,0,1,3,0,65440,8180,8180,49080,7,2014,0,0.9999847190599166,0
250,43,2000,0,1,5,11,8,2,2,0,1,1,1,0,0,3,0,64200,10700,10700,42800,5,2002,3,0.9999844239186305,0
61,25,2000,0,0,5,7,7,1,0,1,1,0,3,1,1,0,0,32320,4040,4040,24240,4,2000,3,0.9999690603632313,0
80,28,1000,0,0,1,4,9,5,2,1,0,3,1,0,0,1,0,33480,3720,3720,26040,4,2011,3,0.9999701323138497,0
25,38,1000,7000000,1,1,0,14,5,3,1,3,4,1,0,1,1,1,4320,480,960,2880,12,1995,3,0.9997685720897941,0
4,29,500,5000000,1,2,12,8,2,3,1,3,3,1,0,0,2,0,4200,840,420,2940,7,2008,3,0.9997619614377529,0
32,29,500,0,1,4,0,17,3,0,0,1,0,3,1,2,0,0,57970,10540,5270,42160,10,2006,2,0.9999827499956875,0
125,31,500,0,1,3,7,13,0,1,1,3,4,1,1,1,2,0,4320,0,960,3360,10,2003,3,0.9997685720897941,0
276,45,500,0,0,2,6,15,5,0,0,1,1,3,0,0,2,0,69300,13860,6930,48510,5,2010,2,0.9999855701937923,0
148,30,500,0,0,5,4,4,3,0,2,1,3,3,0,2,2,0,32480,4060,4060,24360,4,1997,3,0.9999692127705427,0
222,38,2000,0,1,4,6,10,1,2,0,2,3,1,0,2,2,1,60480,6720,6720,47040,0,2001,1,0.9999834658818472,0
32,38,2000,5000000,1,0,1,14,4,1,1,3,3,1,1,0,0,0,2640,440,440,1760,6,2015,1,0.9996213555471413,0
78,27,500,0,1,3,7,16,2,1,1,3,3,1,0,0,3,0,6050,550,1100,4400,13,2009,3,0.9998347380598248,0
238,43,1000,4000000,1,2,5,5,5,0,1,2,0,4,0,0,0,0,42700,4270,4270,34160,10,1995,1,0.9999765813446991,1
313,47,1000,0,1,1,9,15,5,2,0,0,0,1,1,1,3,0,40260,3660,7320,29280,0,1996,1,0.9999751620675095,1
334,50,500,0,1,5,8,14,5,2,1,0,1,1,0,2,0,0,50000,5000,10000,35000,3,2008,2,0.999980000399992,0
190,35,500,5000000,0,2,12,9,0,1,1,3,4,1,0,0,1,0,3840,640,320,2880,10,1998,3,0.9997396511325176,0
194,41,500,0,1,3,13,18,1,0,1,1,3,3,0,0,2,0,95900,13700,20550,61650,10,1999,0,0.9999895725800565,0
290,47,1000,0,1,2,3,3,2,0,2,1,0,3,1,1,3,1,56160,6240,12480,37440,1,2002,1,0.9999821940492513,0
26,42,1000,0,1,6,1,17,1,2,2,0,3,1,0,2,3,0,63030,5730,11460,45840,10,1996,2,0.9999841347908173,0
254,41,500,5000000,0,6,5,16,3,2,0,1,3,1,1,2,2,0,63470,5770,11540,46160,2,1999,2,0.9999842447732035,0
199,38,1000,0,0,2,12,12,2,2,0,0,3,1,0,0,2,0,44440,8080,4040,32320,2,2007,3,0.9999774982561148,1
137,35,500,0,1,3,9,13,0,1,1,1,3,1,1,1,1,0,6600,1200,1200,4200,7,2005,3,0.9998485078018482,0
134,36,1000,0,1,6,6,11,0,0,2,1,0,3,0,2,0,1,77200,9650,9650,57900,5,1996,0,0.9999870467999119,0
73,30,500,0,0,2,10,15,0,0,1,2,2,3,0,0,0,1,57000,0,11400,45600,1,2013,0,0.9999824564481324,0
289,45,2000,0,0,5,4,12,5,3,1,3,3,1,0,2,1,0,2700,300,300,2100,6,2006,2,0.9996297667530544,0
176,36,500,5000000,1,1,13,11,4,2,1,2,3,1,0,2,1,1,47300,4300,8600,34400,13,2006,0,0.9999788587979113,0
145,37,2000,0,0,0,12,17,4,2,1,0,2,1,0,2,3,0,55110,5010,10020,40080,9,2002,0,0.9999818548021266,0
164,31,500,0,0,0,7,15,0,3,1,3,3,1,1,1,0,0,4320,480,480,3360,8,2002,3,0.9997685720897941,0
186,38,2000,0,0,5,13,18,0,0,0,2,3,3,1,2,2,0,68760,11460,5730,51570,10,1998,1,0.999985456872355,1
85,31,2000,9000000,0,4,12,13,0,0,0,0,2,2,0,2,1,0,74400,14880,7440,52080,2,2003,3,0.9999865593204392,1
162,33,500,0,0,0,3,0,2,0,1,0,1,4,0,2,1,0,35300,3530,3530,28240,8,1996,0,0.9999716721905895,1
396,57,500,0,1,2,12,4,5,1,1,1,4,1,1,1,3,0,2640,480,480,1680,13,2000,3,0.9996213555471413,0
270,41,1000,0,1,2,11,6,4,0,1,2,0,3,0,1,1,0,60190,4630,9260,46300,8,2014,0,0.9999833862205313,1
168,39,1000,0,0,5,6,8,3,0,1,0,1,3,1,1,3,0,41580,3780,7560,30240,3,2015,1,0.9999759505543397,1
274,45,1000,0,0,3,12,6,4,2,2,1,0,1,1,0,0,0,58500,11700,0,46800,0,1995,0,0.9999829062751064,1
263,43,1000,0,0,5,5,12,1,2,1,1,1,1,1,2,3,1,79320,13220,6610,59490,9,1997,0,0.9999873929980712,0
152,33,1000,0,0,2,4,5,0,2,1,1,0,1,1,0,2,0,82610,7510,7510,67590,5,2002,3,0.9999878950745058,1
46,41,2000,0,0,4,8,18,0,0,1,2,0,3,0,1,3,0,78600,13100,19650,45850,4,2004,1,0.9999872775155533,1
276,46,2000,0,1,1,5,5,0,2,0,1,0,1,0,1,2,0,51390,5710,5710,39970,13,2007,0,0.9999805413399233,1
234,44,500,0,1,0,7,8,2,2,2,0,0,1,0,1,0,0,70200,7020,7020,56160,5,2012,3,0.9999857551886725,1
64,30,2000,0,1,3,10,0,3,1,1,1,4,1,0,2,1,0,4900,490,1470,2940,7,2015,0,0.9997959600081616,0
456,62,1000,0,0,4,10,5,3,0,2,0,2,3,0,1,3,0,66480,5540,11080,49860,10,2012,0,0.9999849581083317,1
58,23,2000,5000000,1,2,13,15,3,2,1,0,1,1,0,2,1,0,50380,4580,9160,36640,3,2007,2,0.9999801512474941,1
475,61,500,0,0,5,5,13,5,2,0,0,1,1,1,0,2,0,64350,9900,9900,44550,8,1998,1,0.9999844602259483,0
96,29,1000,5000000,1,1,9,10,2,0,1,0,0,3,1,2,3,1,55400,5540,11080,38780,3,2004,0,0.9999819497842999,1
99,28,500,0,1,4,9,1,5,2,0,2,2,1,0,2,2,1,49900,4990,9980,34930,4,1998,3,0.9999799603214364,0
38,28,500,4000000,1,5,8,9,2,0,2,1,0,3,0,0,3,1,74880,12480,12480,49920,0,2000,3,0.9999866454774909,0
259,44,2000,0,0,5,3,8,0,2,0,1,2,1,1,0,0,1,105820,16280,16280,73260,1,2002,2,0.9999905500798518,0
241,43,1000,0,1,0,9,9,3,3,1,3,3,1,0,1,0,1,7150,1300,650,5200,13,2003,1,0.9998601594182632,0
437,58,2000,0,1,0,2,7,3,2,0,2,0,1,1,0,0,0,55800,11160,11160,33480,4,2004,1,0.9999820791742083,0
130,34,500,0,1,5,11,11,2,1,1,3,4,1,0,1,3,1,5830,1060,1060,3710,4,2015,2,0.9998285028297033,0
269,41,2000,0,0,0,5,14,4,2,2,0,0,1,1,2,1,0,85900,17180,17180,51540,11,2005,1,0.9999883586919827,1
103,29,500,0,1,0,9,0,2,1,1,1,3,1,0,2,3,0,7110,790,1580,4740,0,2005,3,0.9998593728027001,0
284,43,500,0,1,6,9,11,2,0,2,2,1,3,0,0,0,1,36960,6720,3360,26880,3,2007,2,0.9999729444549661,0
189,39,2000,0,0,1,12,12,3,0,1,1,3,3,0,2,0,1,64400,6440,6440,51520,4,1997,2,0.9999844722908029,0
267,43,500,0,1,6,0,17,4,1,1,1,4,1,0,1,3,1,1920,480,0,1440,3,2011,3,0.9994794377928162,0
39,22,500,0,1,3,4,14,1,2,1,0,3,1,1,0,1,1,86130,15660,7830,62640,11,2009,0,0.9999883897783609,1
140,32,1000,5000000,0,1,10,6,2,2,2,0,1,1,0,2,3,0,82170,14940,7470,59760,3,1995,0,0.9999878302564165,1
243,41,1000,0,0,1,4,4,3,2,0,0,1,1,0,1,0,1,50300,10060,5030,35210,11,1999,3,0.9999801196795293,1
116,31,500,0,0,4,9,4,0,2,2,0,3,1,0,0,0,0,44200,4420,8840,30940,11,1997,1,0.9999773760774643,0
219,43,1000,0,0,2,13,14,2,2,2,0,0,1,0,2,2,1,66660,6060,6060,54540,12,2006,3,0.9999849987248917,0
96,26,2000,0,0,0,9,3,0,2,0,2,0,1,1,2,3,0,78320,7120,14240,56960,10,2007,2,0.9999872320322775,0
149,34,500,0,0,6,2,16,5,2,1,2,1,1,0,0,1,0,105040,16160,16160,72720,4,1999,3,0.9999904799078455,0
246,43,1000,6000000,1,3,0,1,0,2,2,1,1,1,0,2,1,0,50700,5070,5070,40560,0,2006,3,0.9999802765231455,0
293,45,1000,0,0,4,3,8,4,0,0,2,1,3,0,1,1,0,51210,11380,5690,34140,7,2015,0,0.9999804729452657,0
339,48,500,0,1,3,7,7,4,0,1,2,1,3,0,2,1,0,51840,8640,8640,34560,13,2001,0,0.9999807102486449,0
160,33,1000,0,0,2,3,8,0,0,0,2,0,3,0,2,3,1,52800,5280,5280,42240,9,2006,0,0.9999810609647545,0
224,42,500,0,0,1,9,11,3,2,0,1,1,1,0,0,0,1,55200,9200,13800,32200,6,1998,2,0.9999818843861524,0
194,34,1000,0,1,0,11,4,1,3,1,1,4,1,1,0,3,0,9100,1400,1400,6300,3,2003,3,0.9998901219646192,0
385,51,1000,0,0,4,2,15,0,0,1,1,2,3,0,1,3,0,67600,13520,6760,47320,11,2007,0,0.9999852073194183,0
100,33,500,6000000,1,1,0,9,1,2,1,1,2,1,0,1,2,0,40800,6800,6800,27200,2,2004,3,0.9999754907967942,0
371,50,1000,0,1,6,6,2,1,0,2,0,2,3,0,2,1,1,84500,13000,13000,58500,13,2011,3,0.9999881658205229,1
175,39,500,5000000,1,6,3,10,0,0,0,0,2,3,1,2,2,1,71610,13020,6510,52080,12,2012,2,0.9999860356649118,1
373,55,500,0,1,4,11,19,3,0,1,0,2,4,0,0,2,0,60600,6060,12120,42420,4,2007,1,0.999983498622135,1
258,41,500,0,1,5,3,15,4,0,1,0,1,3,0,2,3,0,81240,6770,20310,54160,8,2008,3,0.9999876909442277,1
255,39,500,0,0,6,1,3,1,0,2,2,1,3,1,0,3,0,29300,2930,5860,20510,1,2010,0,0.9999658714719634,0
37,31,500,0,0,4,11,16,3,0,2,2,1,3,0,1,1,1,76450,6950,13900,55600,4,1995,1,0.9999869197263607,0
322,44,1000,0,0,1,6,6,0,0,2,0,1,3,1,0,3,0,49400,9880,4940,34580,7,2010,1,0.9999797574947875,0
204,38,2000,0,0,4,12,11,5,2,2,2,0,1,0,0,1,0,90530,16460,16460,57610,5,2003,3,0.9999889540599353,0
76,31,500,5000000,0,0,8,12,1,3,1,1,3,1,0,2,1,0,8030,1460,730,5840,8,1995,2,0.999875482505292,0
193,40,500,0,0,6,5,12,1,2,2,1,1,1,0,0,0,1,63900,6390,6390,51120,0,2001,3,0.9999843507926324,0
405,55,500,0,1,6,6,9,4,0,1,1,1,4,1,0,2,0,38640,4830,4830,28980,3,1997,3,0.9999741207525685,0
435,58,2000,0,1,3,11,12,1,0,1,2,2,3,0,1,1,1,41490,9220,4610,27660,8,2004,1,0.9999758983876021,0
54,35,500,0,0,4,10,10,4,0,2,1,1,3,1,2,0,0,79090,14380,7190,57520,9,2012,1,0.999987356336372,0
144,35,500,0,1,2,6,6,5,0,2,0,3,3,0,0,0,0,87900,17580,8790,61530,4,1995,3,0.9999886235651472,0
92,32,500,0,1,5,9,19,0,2,1,2,0,1,0,2,3,1,53400,5340,5340,42720,7,1996,1,0.9999812737589183,0
173,36,1000,0,1,1,6,1,4,2,1,2,1,1,1,2,3,0,52030,9460,9460,33110,0,1995,1,0.9999807806884358,0
436,60,500,0,1,2,9,3,5,2,0,1,0,1,0,0,2,0,82060,14920,7460,59680,10,2005,0,0.9999878139432861,0
155,35,1000,0,0,0,10,10,1,2,0,1,0,1,0,0,3,0,48360,8060,8060,32240,9,1997,3,0.9999793221810963,0
78,31,1000,0,0,5,1,11,4,0,2,1,2,3,0,2,1,0,52290,5810,11620,34860,9,1997,3,0.9999808762502151,0
440,57,1000,5000000,1,1,10,13,5,0,1,0,3,3,1,0,3,0,68200,12400,12400,43400,7,2007,1,0.999985337458395,1
264,43,500,6000000,1,6,2,1,5,0,1,0,2,3,0,2,1,0,60750,13500,6750,40500,7,2015,3,0.9999835393656071,1
66,30,500,0,0,1,0,13,5,0,0,0,1,3,0,0,2,1,65560,11920,11920,41720,13,2015,3,0.999984747029484,1
366,50,1000,0,0,2,5,1,0,0,1,1,3,3,1,1,3,0,70290,12780,12780,44730,8,2012,3,0.9999857734276081,0
188,37,500,0,0,3,0,10,3,2,1,2,0,1,0,2,0,1,45000,5000,5000,35000,11,2003,3,0.999977778271594,0
224,39,1000,0,0,3,9,17,2,0,1,2,1,3,1,2,1,0,61800,12360,6180,43260,11,2007,1,0.9999838190320545,0
253,46,500,0,0,4,13,12,0,0,0,0,0,3,1,0,0,0,64570,5870,11740,46960,7,2001,2,0.9999845131715476,0
446,61,1000,0,0,2,0,15,4,2,1,1,2,1,1,2,0,1,70500,7050,14100,49350,11,2007,3,0.9999858158040311,0
169,37,1000,0,1,3,1,12,2,0,2,2,3,3,0,2,1,1,57900,17370,5790,34740,1,2005,3,0.9999827291411202,0
255,46,500,0,0,3,9,18,3,0,0,1,1,3,0,1,0,0,57860,5260,10520,42080,13,2011,3,0.9999827172015693,0
209,39,500,0,1,6,13,14,0,2,2,1,1,1,0,1,1,0,37800,8400,4200,25200,3,1995,1,0.9999735456733949,0
210,37,500,0,0,4,12,10,3,2,0,2,0,1,0,1,3,1,63300,6330,6330,50640,12,2000,2,0.9999842024612565,0
174,33,2000,0,0,1,4,13,3,0,1,2,0,3,1,0,1,1,44200,8840,4420,30940,10,1995,0,0.9999773760774643,0
70,28,1000,0,1,2,6,19,0,0,2,1,3,4,0,1,0,1,31680,3520,3520,24640,12,2006,0,0.9999684353397935,0
89,32,2000,0,0,4,12,11,1,1,1,3,3,1,1,1,2,0,100,10,20,70,1,2002,3,0.9900990099009901,0
458,61,1000,0,0,2,10,3,2,2,0,1,1,1,0,2,1,0,56340,6260,6260,43820,13,2003,0,0.9999822509362631,0
239,40,500,0,0,3,11,16,3,0,1,2,3,3,0,0,0,1,69740,6340,6340,57060,4,2003,1,0.9999856612322737,0
161,38,2000,0,1,6,8,8,1,0,0,2,3,3,1,2,2,1,60480,5040,15120,40320,13,2003,3,0.9999834658818472,0
446,61,1000,0,0,2,12,16,5,0,1,1,3,3,0,2,1,0,80880,6740,13480,60660,9,2005,3,0.999987636156823,0
476,61,1000,0,0,5,5,7,1,2,0,2,1,1,0,1,2,1,49390,8980,4490,35920,11,2009,2,0.9999797533963678,0
70,29,1000,0,0,4,1,18,2,2,0,1,0,1,0,0,3,0,69360,11560,11560,46240,4,2009,2,0.9999855826761437,0
233,41,2000,0,0,0,12,2,2,3,1,1,4,1,0,0,1,0,3740,680,680,2380,3,2011,3,0.9997326917936381,0
122,33,500,0,1,6,7,3,0,1,1,3,4,1,0,0,1,0,5060,460,920,3680,9,2003,3,0.9998024105907923,0
335,48,2000,0,0,4,6,5,5,0,0,2,3,3,0,0,0,1,35860,3260,6520,26080,2,2005,1,0.9999721145534146,1
257,40,2000,0,1,0,6,6,0,0,0,0,0,3,1,2,1,0,50050,7700,3850,38500,5,2008,3,0.9999800203792132,1
85,27,2000,0,1,1,8,7,4,0,1,1,1,4,1,0,0,0,59070,10740,5370,42960,12,2012,0,0.99998307121938,0
133,30,1000,0,1,1,0,2,0,0,0,1,1,3,0,1,2,0,28440,3160,3160,22120,4,2007,1,0.9999648394922823,0
119,34,500,0,0,1,12,10,5,2,0,0,1,1,1,2,1,1,45540,8280,8280,28980,6,1998,2,0.9999780417645638,1
169,34,500,0,0,3,11,15,1,2,1,1,1,1,0,0,0,1,38700,7740,3870,27090,13,2012,3,0.9999741608743961,0
225,39,500,0,1,5,12,13,2,1,1,3,4,1,1,2,1,1,5830,1060,530,4240,9,2011,3,0.9998285028297033,0
84,32,500,7000000,0,0,9,6,0,2,1,2,2,1,1,0,2,0,57240,4770,9540,42930,2,1995,3,0.9999825300047169,1
169,39,2000,0,1,2,1,8,0,0,1,2,3,3,1,0,3,0,46200,4200,8400,33600,11,2015,2,0.9999783554468518,0
124,32,1000,0,0,5,4,11,5,2,2,2,0,1,1,0,1,0,57700,5770,5770,46160,12,2003,1,0.9999826692778289,0
320,48,2000,7000000,1,1,13,10,1,0,0,1,1,3,0,2,0,0,56160,4680,9360,42120,10,1995,0,0.9999821940492513,0
297,47,500,7000000,1,4,0,12,4,0,2,2,1,3,0,0,3,1,44400,5550,5550,33300,7,1999,3,0.99997747798473,0
421,56,500,4000000,1,5,6,15,3,2,1,0,0,1,0,2,3,0,92730,16860,8430,67440,8,2004,2,0.9999892161197442,1
136,33,1000,0,0,6,2,13,1,2,2,1,1,1,1,0,1,1,30700,3070,6140,21490,12,2015,1,0.9999674277710824,0
46,24,2000,4000000,0,2,1,19,4,2,2,0,1,1,0,2,0,0,56600,11320,5660,39620,12,1999,2,0.9999823324676242,0
34,24,2000,0,0,4,1,7,3,1,1,3,4,1,1,0,1,0,3960,660,660,2640,1,1998,1,0.9997475385003787,0
95,30,2000,0,1,1,13,18,4,2,1,1,3,1,1,0,3,0,34800,3480,6960,24360,0,1999,1,0.999971265193529,0
140,36,500,0,0,3,1,11,1,0,1,1,2,3,0,2,0,1,79500,7950,7950,63600,3,2000,2,0.9999874215418674,0
200,34,1000,3000000,0,1,9,1,2,2,0,2,3,1,0,2,2,0,56000,5600,5600,44800,3,2009,2,0.9999821431760147,0
123,29,500,0,0,5,6,5,1,2,1,1,0,1,1,1,0,1,73260,16280,0,56980,13,2014,0,0.9999863501726703,1
267,46,2000,0,1,4,2,0,4,1,1,3,4,1,1,2,3,1,4950,900,450,3600,12,1995,3,0.9997980206018986,0
290,42,500,0,1,5,6,11,3,2,1,1,0,1,0,0,1,0,48000,4800,9600,33600,10,2013,2,0.9999791671006854,0
45,37,1000,0,1,1,9,7,5,2,2,0,1,1,1,0,1,1,52200,10440,5220,36540,9,2005,3,0.9999808432788644,0
186,38,2000,0,0,3,10,7,4,0,1,1,0,3,0,2,3,0,73800,12300,12300,49200,1,1995,3,0.9999864500481024,0
135,34,2000,0,0,3,10,0,2,2,2,2,1,1,0,1,2,0,78200,15640,7820,54740,1,2009,2,0.9999872124397386,0
110,33,1000,0,1,0,7,3,0,2,1,0,0,1,0,2,3,0,55200,13800,9200,32200,10,2015,1,0.9999818843861524,1
259,43,2000,0,0,6,5,11,3,0,2,2,2,3,0,0,2,1,57060,6340,6340,44380,5,2012,3,0.9999824748952875,0
114,30,1000,0,0,5,10,7,0,3,1,1,4,1,0,0,3,1,4680,520,520,3640,3,2013,3,0.999786370433668,0
404,56,1000,4000000,0,5,13,6,1,2,0,1,0,1,0,2,0,1,53100,5310,5310,42480,0,2005,1,0.9999811679629386,1
282,48,2000,7000000,0,4,9,18,0,3,1,1,4,1,0,1,2,0,3520,640,320,2560,0,2013,2,0.9997159897756319,0
57,25,2000,0,0,5,12,7,3,0,0,2,0,3,0,0,1,1,72900,14580,14580,43740,9,2010,3,0.9999862827670403,0
215,38,500,0,0,6,2,4,4,2,1,2,3,1,0,0,1,0,70700,7070,14140,49490,13,2008,2,0.9999858559284875,0
140,30,500,0,0,1,0,3,5,0,2,1,2,4,0,0,0,0,60170,5470,10940,43760,9,2006,3,0.999983380698343,0
250,42,500,0,1,2,3,13,0,2,1,0,2,1,0,1,1,0,74800,13600,6800,54400,5,2009,0,0.9999866311947702,1
286,41,1000,0,1,1,9,13,5,3,1,3,3,1,1,2,0,0,4100,820,410,2870,3,2009,3,0.9997561570348695,0
356,47,2000,0,1,2,9,4,0,2,2,1,2,1,1,0,3,0,61490,5590,11180,44720,4,2009,3,0.9999837374575141,0
65,29,1000,0,1,2,7,1,3,3,1,3,4,1,0,0,0,0,7200,720,1440,5040,1,1999,0,0.9998611303985557,0
187,34,500,0,0,6,6,14,1,0,2,1,1,3,0,0,0,0,45100,8200,4100,32800,9,2011,2,0.9999778275426265,0
386,53,500,0,1,3,2,4,1,2,0,1,3,1,0,2,3,1,66660,12120,6060,48480,6,2006,0,0.9999849987248917,0
197,41,1000,0,0,6,9,1,1,2,0,0,3,1,0,2,2,1,76400,15280,7640,53480,13,1997,3,0.9999869111660842,1
166,37,500,0,0,4,2,11,1,2,1,2,0,1,1,1,1,0,58300,10600,10600,37100,5,2001,2,0.9999828476355466,0
293,49,2000,0,0,3,13,16,0,2,0,2,3,1,0,1,1,0,57310,5210,10420,41680,13,2002,1,0.9999825513426742,0
179,32,2000,0,0,6,8,12,3,2,0,1,1,1,0,0,1,0,53100,5900,5900,41300,11,2006,2,0.9999811679629386,0
76,24,1000,0,0,4,8,13,0,0,2,2,0,3,0,1,1,0,74700,14940,7470,52290,11,1997,3,0.9999866132983494,0
105,28,500,0,0,0,9,9,3,0,1,0,1,3,0,2,2,0,60500,12100,6050,42350,1,1995,2,0.999983471347581,0
97,26,1000,0,1,5,10,5,4,0,2,2,2,3,1,2,3,0,84920,7720,15440,61760,7,2006,2,0.9999882243496897,1
148,36,1000,5000000,0,4,0,10,3,2,2,2,3,1,0,2,0,0,61050,5550,11100,44400,4,2009,3,0.9999836202519206,0
77,26,2000,0,1,3,3,12,2,0,1,0,3,3,1,2,0,0,69080,12560,6280,50240,1,2009,2,0.9999855242396607,1
295,46,500,0,0,3,9,13,3,3,1,1,4,1,1,1,3,1,4560,760,380,3420,9,2007,2,0.9997807498355624,0
126,28,500,0,0,3,6,16,2,0,1,2,3,4,0,0,1,0,67800,11300,11300,45200,5,2011,3,0.9999852509550007,0
132,32,2000,0,1,6,7,15,5,3,1,1,3,1,1,1,1,1,5600,1120,560,3920,11,2005,1,0.9998214604534904,0
370,55,2000,7000000,1,3,7,1,5,3,1,1,4,1,0,0,2,0,9000,900,1800,6300,8,2015,3,0.9998889012331963,0
257,43,1000,0,0,3,13,11,2,2,1,2,3,1,0,0,1,1,85320,21330,7110,56880,9,2006,3,0.9999882795560295,0
9,24,2000,0,0,6,6,9,2,3,1,3,4,1,0,0,3,1,5940,540,1080,4320,1,2001,3,0.9998316781686585,1
185,34,500,0,0,6,1,12,0,0,2,0,1,3,1,1,1,0,51370,9340,4670,37360,2,2000,1,0.999980533764186,1
234,43,500,0,1,0,10,15,3,2,1,0,3,1,0,2,2,1,51600,10320,5160,36120,4,2011,3,0.9999806205306099,0
253,44,2000,0,0,2,4,9,3,1,1,3,4,1,0,0,3,0,5400,600,600,4200,3,1998,2,0.9998148491020181,0
233,39,2000,0,1,3,2,15,4,0,1,1,1,3,0,1,0,1,48870,5430,5430,38010,10,1999,1,0.9999795379673017,0
274,44,500,0,0,3,12,15,0,3,1,1,3,1,0,2,1,0,5590,860,860,3870,2,2000,2,0.9998211411196566,0
297,48,1000,0,1,5,10,4,5,0,0,0,2,3,0,0,2,0,54960,6870,0,48090,12,2002,0,0.9999818052801077,1
273,47,1000,0,0,0,9,18,3,0,2,1,3,3,0,1,3,0,39800,7960,3980,27860,7,2014,3,0.9999748750031406,0
147,37,2000,0,0,5,1,5,3,0,2,0,0,3,0,0,1,0,56160,6240,6240,43680,5,2015,2,0.9999821940492513,1
285,42,500,0,1,0,8,9,1,2,2,2,1,1,0,0,3,0,52700,5270,10540,36890,12,2005,0,0.9999810250279881,0
289,43,1000,0,0,0,11,0,1,0,2,1,1,3,1,1,3,0,68580,7620,7620,53340,7,2010,1,0.9999854187019729,0
427,60,1000,7000000,1,4,2,2,3,2,2,0,0,1,1,1,2,1,90860,12980,19470,58410,13,2004,1,0.9999889941779201,1
380,53,2000,6000000,1,0,8,3,5,1,1,3,3,1,0,0,3,0,5700,570,570,4560,10,2001,1,0.9998245921768111,0
13,21,1000,0,1,0,9,9,1,0,2,2,3,3,1,2,0,1,94930,8630,8630,77670,0,2014,1,0.9999894660332241,0
282,43,500,0,1,4,4,18,1,2,2,0,0,1,0,1,2,0,46800,4680,9360,32760,1,2007,1,0.9999786329351937,1
312,47,1000,0,0,4,3,14,5,0,2,2,1,3,0,2,3,0,56320,7040,7040,42240,8,2000,0,0.9999822446334404,0
266,46,2000,0,1,0,5,5,0,2,0,1,1,1,0,1,3,1,83490,7590,15180,60720,9,1996,0,0.9999880226611252,0
30,36,500,0,0,1,6,9,5,0,2,2,3,3,0,2,2,0,57900,5790,5790,46320,10,2008,0,0.9999827291411202,0
198,36,1000,0,1,2,1,11,3,0,1,2,1,3,0,1,3,1,49410,5490,5490,38430,1,2015,2,0.9999797615915484,0
290,45,2000,0,1,0,12,15,3,0,2,1,1,3,0,0,1,0,66200,6620,6620,52960,11,2012,1,0.9999848944879987,0
260,46,2000,0,1,4,8,15,0,2,0,1,1,1,0,0,1,0,64080,10680,10680,42720,12,2005,2,0.999984394750394,0
233,43,1000,0,0,1,12,7,2,0,2,1,2,3,0,2,3,1,42500,8500,4250,29750,9,2000,0,0.9999764711418555,0
130,30,2000,0,1,6,3,3,3,0,2,2,2,3,0,2,3,0,48950,8900,4450,35600,11,2005,0,0.9999795714081429,0
230,42,1000,0,0,4,0,9,3,0,1,1,2,3,0,1,2,1,58850,10700,10700,37450,0,1999,0,0.9999830079352943,0
212,40,1000,0,0,5,7,9,0,0,2,1,2,3,1,0,2,1,82400,8240,8240,65920,9,2006,0,0.9999878642249487,0
299,44,1000,0,0,1,7,3,2,2,1,1,0,1,1,2,0,0,54240,6780,6780,40680,11,2009,3,0.9999815637617301,0
91,26,1000,0,0,0,1,18,2,0,0,1,2,3,0,0,2,0,74200,7420,7420,59360,7,1996,0,0.9999865230926807,0
398,53,2000,0,0,0,8,0,4,2,0,2,1,1,1,2,1,0,47430,5270,5270,36890,12,2000,0,0.999978916742215,0
218,43,500,0,0,0,8,14,2,2,1,0,1,1,0,1,3,1,68200,13640,6820,47740,4,2003,0,0.999985337458395,1
152,33,1000,0,0,3,1,8,0,2,0,1,1,1,0,1,0,0,63900,7100,7100,49700,0,2014,0,0.9999843507926324,0
212,39,1000,0,0,3,10,16,1,0,1,2,0,2,0,0,3,1,59300,11860,5930,41510,4,2008,1,0.9999831368779616,0
242,44,2000,6000000,0,1,8,5,2,0,0,1,2,3,0,1,2,1,66900,6690,13380,46830,11,1999,0,0.9999850525403208,1
80,27,500,0,1,3,4,16,0,0,1,0,3,3,1,1,3,0,40810,3710,7420,29680,5,2000,0,0.9999754968023327,1
260,43,500,0,0,3,3,16,1,2,0,2,1,1,0,1,0,0,75400,15080,7540,52780,6,2011,0,0.9999867375764248,0
133,34,500,0,0,3,9,3,0,1,1,1,4,1,0,2,0,1,4200,420,840,2940,7,2013,2,0.9997619614377529,0
290,45,1000,0,0,0,6,5,5,0,2,0,0,3,1,0,0,1,52650,5850,5850,40950,5,2001,1,0.9999810070084139,1
322,49,2000,0,0,6,1,11,3,2,1,0,0,1,0,0,2,1,42240,7680,7680,26880,3,2007,0,0.9999763263180322,0
228,39,500,0,0,3,11,15,0,2,2,1,2,1,1,1,0,1,59490,6610,6610,46270,8,1995,2,0.999983190734733,0
195,37,1000,8000000,1,4,12,0,4,2,2,0,0,1,0,0,2,0,44200,4420,4420,35360,7,2002,2,0.9999773760774643,1
247,39,500,0,0,5,10,15,4,3,1,3,3,1,1,1,2,0,7700,770,1540,5390,10,2000,3,0.9998701467341904,0
405,57,1000,4000000,1,4,8,8,2,0,0,2,2,3,0,2,3,0,61440,10240,10240,40960,10,2008,1,0.9999837242232386,0
144,37,2000,0,0,6,5,17,1,0,1,0,1,3,1,1,3,0,54400,5440,10880,38080,3,2015,0,0.9999816179849635,1
338,47,500,4000000,1,4,8,14,2,2,0,2,2,1,1,2,1,0,58560,9760,9760,39040,8,2002,3,0.9999829237888698,0
121,34,500,0,1,4,8,18,5,2,0,0,1,1,0,1,1,0,67300,6730,6730,53840,4,2000,2,0.9999851413797715,1
398,55,2000,0,1,4,4,16,5,2,1,0,1,1,0,1,3,1,36740,3340,6680,26720,2,1998,0,0.9999727824501239,1
9,30,1000,0,0,2,6,7,1,2,1,2,3,1,0,0,0,0,85690,15580,15580,54530,2,2011,2,0.9999883301630276,0
115,31,1000,0,0,0,3,3,1,0,2,0,0,3,1,0,3,0,34160,0,4270,29890,1,2005,0,0.9999707268522584,1
280,48,1000,0,1,3,13,13,1,2,0,1,1,1,0,2,2,0,61320,10220,10220,40880,2,1998,0,0.9999836923729228,0
254,45,500,0,1,3,7,13,0,0,1,2,3,3,1,0,0,0,79680,13280,13280,53120,2,2004,1,0.9999874499567023,0
141,30,1000,0,0,2,2,8,2,2,0,2,1,1,0,1,0,1,61740,6860,6860,48020,1,2002,0,0.9999838033073646,0
441,55,500,4000000,1,1,1,8,0,1,1,1,4,1,0,0,0,0,6400,640,640,5120,6,2002,3,0.9998437744102484,0
381,55,500,0,0,4,7,5,5,2,1,0,1,1,1,1,2,1,60600,12120,6060,42420,0,2011,2,0.999983498622135,0
191,38,2000,0,0,5,2,17,1,0,2,0,0,3,0,2,0,0,56320,10240,5120,40960,13,2007,1,0.9999822446334404,0
145,34,1000,0,0,3,8,17,2,2,2,2,0,1,1,2,0,0,52250,9500,4750,38000,11,2012,0,0.9999808616103041,0
479,60,1000,0,0,4,3,4,2,0,1,2,2,2,0,0,3,0,53900,5390,10780,37730,10,2006,2,0.999981447468507,0
215,35,1000,0,1,5,0,19,0,3,1,3,4,1,0,2,1,0,2640,220,440,1980,7,2001,3,0.9996213555471413,0
41,33,500,0,1,2,13,17,0,3,1,1,4,1,1,0,0,0,8970,1380,1380,6210,4,2011,2,0.9998885297068332,0
45,31,500,0,1,4,8,12,1,1,1,1,4,1,0,1,3,0,6000,1000,1000,4000,11,2000,3,0.9998333611064822,0
156,38,500,0,1,2,1,2,3,0,0,0,1,3,0,0,3,0,55200,11040,5520,38640,10,1998,1,0.9999818843861524,1
246,45,500,0,1,0,3,2,3,1,1,3,4,1,0,0,3,1,7260,660,1320,5280,10,2008,0,0.9998622779231511,0
178,39,500,0,0,3,3,17,3,0,0,1,3,3,0,2,0,0,64680,11760,11760,41160,7,2010,3,0.999984539509284,0
237,43,500,0,0,6,11,1,0,2,1,0,3,1,0,0,1,0,59200,0,11840,47360,3,1998,1,0.9999831083934393,0
127,34,500,0,0,0,2,13,3,3,1,1,4,1,1,1,3,0,4700,470,940,3290,10,1998,2,0.9997872793022761,0
1,33,2000,0,1,0,11,18,0,2,2,2,2,1,1,0,3,0,69400,6940,6940,55520,8,2000,1,0.9999855909857207,0
5,21,500,5000000,0,2,3,17,3,2,2,2,3,1,1,0,0,0,40500,4050,4050,32400,9,1998,1,0.9999753092516234,0
64,28,1000,0,1,3,5,16,2,0,2,1,1,3,0,2,1,0,60000,5000,10000,45000,6,1997,2,0.9999833336111065,0
142,30,500,0,1,6,1,1,5,2,2,1,2,1,1,2,3,0,67320,11220,11220,44880,13,1996,1,0.9999851457940315,0
97,27,500,0,0,2,12,12,0,0,2,2,2,3,1,2,1,1,75690,8410,8410,58870,10,2014,1,0.9999867883896368,0
121,31,1000,0,1,0,0,13,2,0,2,0,1,3,0,1,2,0,64300,6430,6430,51440,3,2002,0,0.9999844481423306,1
225,43,1000,0,1,3,8,4,3,0,1,0,3,3,0,2,0,1,64400,6440,6440,51520,2,2011,0,0.9999844722908029,0
425,53,2000,0,0,2,8,13,0,0,0,1,1,3,0,1,2,0,97080,16180,16180,64720,10,2005,0,0.9999896993232456,0
285,44,2000,0,1,4,8,0,1,3,1,1,3,1,1,1,0,0,5500,500,500,4500,6,2010,3,0.9998182148700236,0
192,38,1000,0,0,5,13,16,1,0,1,2,2,3,0,0,2,0,30700,3070,6140,21490,7,2010,2,0.9999674277710824,0
285,48,2000,0,0,1,11,7,5,2,2,1,3,1,0,1,2,1,33480,3720,3720,26040,9,2012,2,0.9999701323138497,0
98,26,2000,0,1,3,3,11,2,0,0,2,3,2,0,0,1,1,65430,14540,7270,43620,7,2001,0,0.9999847167244884,0
175,36,500,0,1,5,3,11,1,0,1,0,3,3,1,2,1,1,42680,3880,7760,31040,0,2006,0,0.999976570370891,1
259,45,2000,0,1,4,2,12,1,2,2,1,1,1,0,1,1,0,87780,7980,7980,71820,6,2011,1,0.9999886080131236,0
140,36,2000,0,0,3,13,6,3,0,0,0,1,4,1,0,2,1,72800,14560,14560,43680,6,1998,3,0.999986263924946,0
231,37,500,0,0,2,11,5,5,2,1,0,1,1,1,2,0,0,71190,0,7910,63280,8,1997,0,0.9999859532806114,1
186,38,500,0,1,2,0,9,0,3,1,3,4,1,0,1,1,1,3600,400,400,2800,6,1999,2,0.9997222993612885,0
229,41,2000,3000000,1,6,12,5,1,2,2,0,2,1,0,1,3,0,62640,10440,10440,41760,8,2009,1,0.9999840360147507,0
180,36,500,0,1,1,9,8,5,0,0,1,0,3,1,2,1,0,69630,12660,6330,50640,12,1998,2,0.9999856385805173,0
188,33,1000,0,1,2,10,5,3,0,1,1,3,3,1,1,0,0,76010,13820,6910,55280,4,1995,2,0.9999868440094197,1
214,40,1000,0,1,3,13,0,1,2,1,2,2,1,0,1,0,1,44220,8040,4020,32160,0,2000,0,0.9999773863096719,0
178,38,500,0,0,1,7,4,5,0,1,1,2,3,0,0,3,0,57200,5200,10400,41600,2,2011,2,0.9999825177881505,0
55,35,500,8000000,1,4,8,14,5,3,1,1,3,1,0,0,3,0,3080,560,560,1960,9,1998,2,0.9996754300551769,0
90,31,2000,0,0,6,7,10,1,2,1,2,2,1,1,1,0,1,75790,13780,6890,55120,0,2007,3,0.9999868058212716,0
135,30,2000,0,0,4,4,16,5,0,1,1,0,3,0,0,1,0,32670,5940,2970,23760,6,2003,0,0.9999693918153715,0
277,46,2000,0,0,0,0,18,0,3,1,1,3,1,0,2,3,0,3870,430,860,2580,7,2010,3,0.9997416688194265,0
211,38,1000,0,0,5,13,18,3,2,0,2,1,1,0,0,3,1,91520,8320,16640,66560,2,2005,2,0.9999890735459621,1
156,32,500,0,1,5,9,3,4,2,0,0,2,1,1,1,3,1,74690,6790,13580,54320,4,2008,0,0.9999866115060717,1
84,30,2000,0,1,0,8,14,2,3,1,3,3,1,1,1,3,0,4620,420,840,3360,1,1998,2,0.9997835966241073,0
136,32,500,0,0,3,11,19,1,2,2,0,3,1,1,0,0,0,55000,10000,10000,35000,12,2008,3,0.9999818185123907,1
310,48,500,0,0,3,0,17,4,0,1,0,3,4,1,0,2,0,59400,13200,6600,39600,10,1996,2,0.999983165266578,1
123,34,2000,0,0,1,11,17,0,0,2,2,1,3,0,1,1,0,55260,6140,0,49120,9,2000,0,0.9999819040553012,0
243,44,500,0,1,3,2,14,2,0,2,1,2,3,0,2,1,1,51400,5140,10280,35980,6,1996,3,0.9999805451255812,0
36,37,1000,0,0,5,6,15,0,0,2,1,0,3,1,1,3,0,48780,5420,10840,32520,4,2008,1,0.9999795002152477,0
146,31,1000,5000000,0,1,1,4,3,0,1,0,0,3,0,1,3,0,52380,5820,5820,40740,12,2010,3,0.9999809091082644,0
154,34,1000,0,0,3,8,6,0,0,2,2,2,4,0,2,3,1,74360,13520,13520,47320,12,2005,0,0.9999865520904775,1
204,40,1000,7000000,1,2,10,14,2,2,0,1,3,1,0,1,0,0,53400,5340,5340,42720,6,2003,3,0.9999812737589183,0
458,59,1000,0,0,2,10,10,5,2,0,2,3,1,0,2,2,1,71800,14360,14360,43080,7,1995,1,0.999986072617373,0
147,31,500,6000000,0,6,9,8,3,2,0,0,2,1,0,0,0,0,68240,8530,0,59710,12,2013,3,0.9999853460529594,1
279,45,2000,6000000,0,4,7,3,4,0,1,0,2,3,0,1,0,0,61050,11100,11100,38850,4,2011,1,0.9999836202519206,1
308,47,1000,6000000,0,0,2,12,3,1,1,1,4,1,0,1,1,1,5590,860,860,3870,11,2002,2,0.9998211411196566,0
284,48,500,0,0,6,6,8,0,0,2,0,1,3,0,0,0,0,46860,8520,8520,29820,13,1998,1,0.9999786602932076,0
108,31,2000,6000000,0,6,7,0,3,1,1,1,4,1,0,1,3,0,4290,780,780,2730,13,1998,3,0.9997669540899558,0
421,57,2000,0,0,0,1,3,3,0,0,1,3,3,1,0,0,0,78500,15700,7850,54950,1,2015,1,0.9999872613087731,0
266,42,1000,0,1,0,9,12,3,2,2,2,3,1,1,1,3,1,70830,7870,7870,55090,7,2005,2,0.999985881887874,0
412,56,500,0,1,2,5,19,3,0,0,2,3,3,0,0,2,0,68040,15120,7560,45360,11,1997,1,0.9999853029790862,0
31,32,2000,4000000,0,3,7,10,5,2,2,0,1,1,0,2,0,0,63600,5300,10600,47700,1,1997,2,0.999984276976777,1
465,63,500,6000000,0,5,11,2,3,2,2,1,2,1,0,0,3,0,43560,4840,4840,33880,11,2015,2,0.9999770436858658,0
126,31,1000,0,1,5,11,8,1,2,0,2,3,1,0,1,1,0,60840,13520,6760,40560,11,2011,0,0.9999835637152578,0
407,55,1000,5000000,0,6,12,3,5,0,2,2,3,3,0,2,3,1,68160,11360,11360,45440,5,2010,3,0.9999853288537434,0
101,27,500,6000000,0,1,13,18,4,1,1,1,4,1,0,1,0,0,5170,940,470,3760,12,2001,2,0.9998066138077741,0
187,37,1000,5000000,0,5,10,15,1,2,2,2,0,1,0,0,3,0,57700,5770,5770,46160,9,2000,1,0.9999826692778289,0
252,46,2000,0,0,3,5,17,3,0,0,2,2,3,0,0,2,0,89520,14920,14920,59680,1,2014,1,0.9999888294366684,0
229,43,2000,0,1,2,10,15,1,3,1,1,4,1,0,1,0,1,4620,420,840,3360,13,2012,3,0.9997835966241073,0
246,39,1000,0,0,3,2,19,2,2,1,1,0,1,1,0,3,0,45180,5020,5020,35140,6,2004,0,0.999977866802417,0
190,38,500,0,1,3,2,12,4,2,2,2,2,1,1,0,0,0,45100,9020,4510,31570,9,2013,0,0.9999778275426265,0
95,32,2000,0,1,5,6,9,1,0,2,2,3,3,1,0,3,1,83160,15120,15120,52920,12,2003,1,0.9999879751325742,0
205,42,2000,4000000,0,2,8,16,2,2,1,1,3,1,0,2,1,0,86130,15660,15660,54810,3,1995,1,0.9999883897783609,0
41,25,1000,0,1,5,8,17,5,0,0,0,1,3,0,1,3,0,48000,9600,4800,33600,4,1995,0,0.9999791671006854,0
137,35,500,0,0,2,10,12,0,3,1,1,3,1,0,0,0,1,3300,600,600,2100,10,2008,1,0.9996970614965162,0
194,34,500,0,0,3,10,2,0,0,1,1,0,3,0,1,2,1,57200,11440,5720,40040,12,2005,2,0.9999825177881505,0
128,35,1000,0,0,0,0,3,0,3,1,3,3,1,0,2,0,0,7590,1380,690,5520,0,2012,0,0.9998682650507179,0
150,37,1000,0,0,6,13,2,4,2,1,2,3,1,0,0,2,0,80080,12320,12320,55440,3,2013,2,0.9999875126434485,0
104,30,500,0,0,4,10,16,2,3,1,1,3,1,0,0,0,1,4800,960,480,3360,2,2006,2,0.9997917100604041,0
163,37,1000,4000000,0,2,2,6,3,3,1,1,3,1,0,2,1,1,3900,390,780,2730,13,2008,2,0.9997436554729556,1
80,26,1000,0,1,5,5,4,2,2,0,1,2,1,0,0,0,0,90400,9040,9040,72320,2,1995,2,0.9999889381754626,0
65,29,2000,5000000,0,4,11,11,3,0,1,1,2,3,1,0,0,0,62900,6290,12580,44030,7,1998,1,0.999984102001558,0
179,32,1000,6000000,0,0,10,0,3,2,1,0,3,1,1,1,2,0,54200,5420,10840,37940,9,2014,3,0.9999815501559012,1
372,50,2000,0,0,4,12,13,2,0,2,0,3,3,0,2,2,1,51800,5180,10360,36260,0,2003,0,0.9999806953533715,0
398,55,500,0,1,2,0,12,4,3,1,3,3,1,0,2,3,0,6600,600,1200,4800,0,2012,2,0.9998485078018482,0
213,35,500,0,1,4,12,12,0,2,2,2,1,1,1,2,0,1,74140,13480,6740,53920,5,2007,0,0.9999865121862397,0
79,25,500,0,0,0,8,13,1,2,0,2,1,1,0,2,1,0,67800,13560,6780,47460,8,1995,3,0.9999852509550007,0
232,44,2000,0,1,1,7,8,5,2,1,0,1,1,0,1,1,1,55400,5540,11080,38780,7,2002,1,0.9999819497842999,1
230,37,1000,0,1,6,12,15,3,2,1,0,0,1,1,2,3,0,49100,9820,4910,34370,11,1996,0,0.9999796338160118,1
234,41,500,0,0,3,13,18,5,0,2,0,3,3,0,2,1,0,98280,15120,7560,75600,3,2007,3,0.9999898250933548,1
240,40,500,9000000,0,3,10,14,3,0,1,2,1,2,1,0,2,0,66550,6050,12100,48400,5,2008,0,0.9999849739297682,0
143,33,1000,0,0,0,2,2,4,0,2,0,1,3,0,2,2,0,70400,14080,7040,49280,0,2002,0,0.9999857956563117,0
266,42,500,4000000,1,0,0,2,2,0,2,0,0,3,0,1,1,0,53280,4440,8880,39960,11,2015,0,0.9999812315834913,1
89,32,1000,0,0,2,2,9,4,2,0,2,2,1,0,2,3,1,84590,15380,15380,53830,4,1999,2,0.999988178411415,0
229,37,1000,0,0,5,4,0,1,2,1,2,2,1,0,0,2,1,54560,9920,9920,34720,10,2004,0,0.999981671890178,0
245,40,1000,0,1,6,5,4,4,2,1,1,0,1,1,0,2,1,82170,7470,7470,67230,11,1999,2,0.9999878302564165,0
50,44,2000,0,1,1,5,3,4,0,0,2,3,3,0,1,2,0,61100,6110,12220,42770,4,2008,0,0.9999836336557503,0
230,43,2000,0,1,2,3,6,2,0,0,1,3,3,0,0,3,1,51900,5190,10380,36330,2,2011,3,0.9999807325485058,1
17,39,1000,0,0,3,0,10,4,1,1,3,3,1,0,2,1,0,3440,430,430,2580,11,2002,2,0.999709386806161,0
163,36,1000,0,1,4,7,6,0,2,2,2,0,1,1,2,1,0,51390,5710,11420,34260,12,2013,3,0.9999805413399233,0
29,32,1000,0,1,2,7,0,5,2,2,0,2,1,0,0,2,0,76900,7690,7690,61520,7,1995,1,0.9999869962679289,0
232,42,500,0,1,1,5,11,1,2,1,1,2,1,1,2,3,0,77000,15400,7700,53900,12,2015,2,0.9999870131556733,1
235,39,2000,4000000,1,3,2,19,2,2,2,0,2,1,0,0,3,0,60320,9280,9280,41760,3,2012,2,0.999983422025497,1
295,46,500,0,0,2,1,7,5,2,1,1,1,1,1,1,1,0,60700,12140,6070,42490,6,1997,3,0.9999835258068236,0
22,21,1000,0,0,2,3,12,0,0,1,2,3,3,1,1,2,0,53280,5920,0,47360,3,2015,3,0.9999812315834913,0
286,43,500,3000000,0,4,9,12,4,2,1,1,1,1,0,2,2,1,34290,3810,3810,26670,7,2013,0,0.999970837829168,0
257,44,1000,0,1,4,7,1,2,2,1,2,2,1,0,0,1,0,46980,0,5220,41760,0,2002,1,0.9999787147995999,0
94,26,500,0,1,4,3,4,0,0,0,0,1,3,1,1,2,1,36700,3670,7340,25690,9,2010,3,0.9999727527860276,0
124,28,1000,0,1,4,3,4,0,0,2,2,2,3,0,0,1,0,60200,6020,6020,48160,13,2012,1,0.9999833889802495,0
141,30,1000,0,1,2,11,3,3,1,1,1,4,1,0,1,2,1,6480,540,1080,4860,6,1996,3,0.9998457028236384,0
3,38,1000,0,0,5,2,13,4,2,0,1,1,1,1,0,1,0,87200,17440,8720,61040,6,2006,1,0.9999885322416028,0
285,41,1000,0,0,6,9,17,5,2,1,0,1,1,1,2,3,0,108480,18080,18080,72320,13,2015,1,0.9999907817958905,0
130,34,500,3000000,0,5,1,3,2,0,2,1,3,3,0,2,3,1,67500,7500,7500,52500,11,1996,3,0.9999851854046606,0
458,62,2000,5000000,1,0,5,0,5,2,1,0,2,1,0,0,1,1,46980,5220,5220,36540,1,1998,3,0.9999787147995999,0
456,60,1000,0,0,0,11,11,0,1,1,1,3,1,0,0,3,0,5060,460,920,3680,8,2007,3,0.9998024105907923,0
